Date,Close_Price,Return
2014-12-31,149.97,
2015-01-02,149.44,-0.0035402996130561924
2015-01-05,146.23,-0.021714249856744777
2015-01-06,145.19,-0.007137495128191286
2015-01-07,145.88,0.004741136444883113
2015-01-08,149.9,0.027184039168072688
2015-01-09,147.96,-0.01302643814429875
2015-01-12,148.81,0.005728357477705607
2015-01-13,150.96,0.014344576618336
2015-01-14,148.77,-0.014613411891142515
2015-01-15,152.63,0.025615202757878312
2015-01-16,154.36,0.011270844742387393
2015-01-19,154.71,0.002264860061559337
2015-01-20,155.93,0.007854791865816836
2015-01-21,156.87,0.0060102482713548485
2015-01-22,159.49,0.016563787466513883
2015-01-23,162.26,0.01721876263225612
2015-01-26,163.14,0.005408740905515467
2015-01-27,161.53,-0.009917843946767575
2015-01-28,161.75,0.0013610494553432683
2015-01-29,161.62,-0.0008040325757083327
2015-01-30,160.87,-0.004651315403085089
2015-02-02,160.97,0.0006214268159214329
2015-02-03,162.29,0.00816684610965248
2015-02-04,163.08,0.004856019623262304
2015-02-05,163.28,0.001225640550536657
2015-02-06,163.64,0.0022023745596084195
2015-02-09,162.43,-0.00742175332989329
2015-02-10,163.47,0.006382347531812175
2015-02-11,163.08,-0.0023886093120639817
2015-02-12,164.37,0.007879106267381418
2015-02-13,165.36,0.006004931155078809
2015-02-16,165.14,-0.0013313163842305258
2015-02-17,165.34,0.0012103608352470956
2015-02-18,166.81,0.0088514803414345
2015-02-19,167.35,0.003231987491371476
2015-02-20,167.73,0.0022681160493280453
2015-02-23,168.96,0.00730645681123308
2015-02-24,169.93,0.005724587028117359
2015-02-25,169.71,-0.0012954895228401075
2015-02-26,171.46,0.010258905227435788
2015-02-27,172.12,0.0038419047197890284
2015-03-02,171.72,-0.002326664614039112
2015-03-03,170.27,-0.008479830923807214
2015-03-04,171.55,0.007489356871906249
2015-03-05,173.17,0.0093990016596007
2015-03-06,173.35,0.0010389011669730787
2015-03-09,172.91,-0.002541444214334476
2015-03-10,171.38,-0.008887914675725205
2015-03-11,173.94,0.014827098920646407
2015-03-12,173.95,5.7489436331777016e-05
2015-03-13,174.5,0.003156840044530947
2015-03-16,176.08,0.009013695575724338
2015-03-17,174.83,-0.007124364008648702
2015-03-18,175.41,0.0033120176461312986
2015-03-19,176.45,0.005911459265590276
2015-03-20,177.93,0.008352664397466032
2015-03-23,176.75,-0.006653909742062847
2015-03-24,177.31,0.003163308292215024
2015-03-25,175.32,-0.01128673751828882
2015-03-26,173.88,-0.008247469430017114
2015-03-27,174.37,0.0028140722088110495
2015-03-30,176.28,0.010894161644383818
2015-03-31,175.17,-0.006316709010230416
2015-04-01,175.72,0.0031348881440230077
2015-04-02,175.49,-0.0013097578820634181
2015-04-07,178.44,0.016670349034548705
2015-04-08,178.6,0.0008962581823346125
2015-04-09,180.62,0.011246708380254112
2015-04-10,182.32,0.009368008114776142
2015-04-13,182.63,0.0016988632665216712
2015-04-14,181.83,-0.004390063572646872
2015-04-15,182.91,0.00592204395653088
2015-04-16,181.58,-0.007297900644223228
2015-04-17,178.44,-0.01744391768354722
2015-04-20,180.0,0.008704440630146318
2015-04-21,181.04,0.005761150435071441
2015-04-22,181.0,-0.0002209700594561821
2015-04-23,180.33,-0.003708525546645276
2015-04-24,180.95,0.0034322442905708314
2015-04-27,182.75,0.009898348620136473
2015-04-28,180.05,-0.014884508535003558
2015-04-29,176.09,-0.02223936212219759
2015-04-30,175.55,-0.0030713253582453684
2015-05-01,175.05,-0.0028522552137665203
2015-05-04,176.14,0.006207485976638561
2015-05-05,173.63,-0.01435253502126693
2015-05-06,172.64,-0.005718096846221974
2015-05-07,172.93,0.0016783868280063727
2015-05-08,177.97,0.02872810842406346
2015-05-11,178.68,0.003981499722023702
2015-05-12,176.4,-0.012842352911227041
2015-05-13,176.18,-0.001247943891041333
2015-05-14,177.42,0.007013603410791091
2015-05-15,176.74,-0.0038400770025823817
2015-05-18,177.62,0.004966710740499645
2015-05-19,180.62,0.016748939992294574
2015-05-20,181.4,0.004309160858383588
2015-05-21,182.13,0.004016180129416025
2015-05-22,182.14,5.490432921999128e-05
2015-05-25,181.62,-0.0028590298779901505
2015-05-26,180.34,-0.00707263418992162
2015-05-27,182.7,0.013001505312200339
2015-05-28,181.88,-0.004498334427151185
2015-05-29,178.77,-0.017247065529812495
2015-06-01,179.1,0.0018442456396688446
2015-06-02,177.28,-0.010213905507747041
2015-06-03,177.06,-0.0012417453760159621
2015-06-04,175.64,-0.008052212489386455
2015-06-05,174.01,-0.009323676866029678
2015-06-08,172.45,-0.009005429444637052
2015-06-09,171.77,-0.003950966733915716
2015-06-10,174.88,0.01794365177929429
2015-06-11,175.94,0.006043003396300092
2015-06-12,174.32,-0.009250337188164053
2015-06-15,171.48,-0.016426048906588112
2015-06-16,172.58,0.006394255350385153
2015-06-17,171.81,-0.00447168200628588
2015-06-18,172.05,0.0013959171696138054
2015-06-19,172.67,0.0035971261808494747
2015-06-22,176.58,0.022391773049097653
2015-06-23,178.62,0.011486612782303582
2015-06-24,177.95,-0.0037580322995384224
2015-06-25,177.55,-0.0022503525671046
2015-06-26,177.76,0.0011820665022228612
2015-06-29,172.97,-0.02731615683548779
2015-06-30,170.8,-0.012624887701362488
2015-07-01,173.39,0.01505011120211182
2015-07-02,172.7,-0.0039874074039485214
2015-07-03,171.8,-0.005224975602477737
2015-07-06,169.69,-0.01235776656542033
2015-07-07,167.03,-0.015799805982878428
2015-07-08,167.09,0.00035915240419584965
2015-07-09,170.76,0.021726472483709215
2015-07-10,174.23,0.02011720354505263
2015-07-13,177.66,0.01949534590674097
2015-07-14,178.49,0.004660965899861556
2015-07-15,179.27,0.004360472025330663
2015-07-16,181.7,0.013463926135378175
2015-07-17,181.81,0.0006052103290560015
2015-07-20,182.31,0.002746349084192037
2015-07-21,180.46,-0.010199388249018863
2015-07-22,179.39,-0.005946939855355565
2015-07-23,178.43,-0.005365839267661746
2015-07-24,176.88,-0.008724830894146536
2015-07-27,172.98,-0.022295555670825078
2015-07-28,174.82,0.010580892273976131
2015-07-29,176.61,0.010187038555937842
2015-07-30,177.61,0.005646223570955827
2015-07-31,177.67,0.00033776176857911626
2015-08-03,179.06,0.007793048158195347
2015-08-04,178.76,-0.0016768211407592031
2015-08-05,181.08,0.012894798502507104
2015-08-06,179.73,-0.007483197803814733
2015-08-07,178.12,-0.008998244310441533
2015-08-10,179.36,0.006937478870348186
2015-08-11,176.58,-0.01562092785041339
2015-08-12,171.81,-0.027384816399560814
2015-08-13,173.74,0.011170713757898784
2015-08-14,173.54,-0.0011518084664308586
2015-08-17,173.99,0.0025897059332812655
2015-08-18,174.39,0.002296344082744049
2015-08-19,171.32,-0.01776101763419859
2015-08-20,167.83,-0.0205815904270822
2015-08-21,162.37,-0.03307388072106483
2015-08-24,153.71,-0.05480997136218224
2015-08-25,160.16,0.0411056053300696
2015-08-26,157.36,-0.01763714148610673
2015-08-27,162.84,0.03423194955397441
2015-08-28,163.29,0.0027596374794401426
2015-08-31,163.07,-0.0013482046410324912
2015-09-01,158.62,-0.02766815181801214
2015-09-02,159.05,0.002707213539979593
2015-09-03,162.83,0.023488093580975797
2015-09-04,158.73,-0.025502066191978992
2015-09-07,159.49,0.004776578750512788
2015-09-08,161.38,0.011780608085697648
2015-09-09,163.53,0.0132346273239387
2015-09-10,161.59,-0.011934196760142691
2015-09-11,159.96,-0.01013847900553879
2015-09-14,159.02,-0.005893803505280229
2015-09-15,160.28,0.007892305294606418
2015-09-16,162.72,0.015108646532306086
2015-09-17,162.43,-0.0017837925689453804
2015-09-18,159.55,-0.01788978700705187
2015-09-21,160.95,0.008736405020564544
2015-09-22,155.93,-0.03168656914802299
2015-09-23,156.07,0.0008974359576681705
2015-09-24,152.78,-0.021305646441248535
2015-09-25,157.12,0.02801086649294206
2015-09-28,153.68,-0.02213732614585448
2015-09-29,152.62,-0.0069213465988140445
2015-09-30,156.47,0.024913126452478722
2015-10-01,155.79,-0.004355351789628671
2015-10-02,156.53,0.004738738375794303
2015-10-05,161.25,0.02970827077575027
2015-10-06,162.18,0.005750873840529434
2015-10-07,162.42,0.0014787433378534464
2015-10-08,162.75,0.00202970823441399
2015-10-09,163.29,0.003312480025539658
2015-10-12,162.83,-0.0028210493380893013
2015-10-13,161.35,-0.009130793278158144
2015-10-14,160.15,-0.007465042442803563
2015-10-15,162.49,0.014505585359517879
2015-10-16,163.45,0.0058906717555345465
2015-10-19,163.96,0.0031153624659173065
2015-10-20,163.26,-0.004278473612926988
2015-10-21,163.25,-6.125386666941294e-05
2015-10-22,166.63,0.020493017393991564
2015-10-23,169.95,0.01972849059159283
2015-10-26,169.29,-0.0038910554929665647
2015-10-27,167.48,-0.010749279498215868
2015-10-28,169.26,0.010572053091017393
2015-10-29,169.24,-0.00011816839009306741
2015-10-30,169.13,-0.0006501758659161749
2015-11-02,169.72,0.0034823703481735094
2015-11-03,170.45,0.004291978249787948
2015-11-04,171.32,0.0050911541632582165
2015-11-05,170.67,-0.0038012853165045246
2015-11-06,171.21,0.00315900578606072
2015-11-09,169.38,-0.010746161723273475
2015-11-10,169.56,0.0010621349909833693
2015-11-11,170.66,0.006466426624002326
2015-11-12,167.98,-0.01582834841095774
2015-11-13,166.62,-0.008129154150717837
2015-11-16,167.13,0.0030561821540704905
2015-11-17,171.29,0.024586073809059708
2015-11-18,171.08,-0.0012267431511855862
2015-11-19,171.87,0.004607093729888172
2015-11-20,172.24,0.002150475967511469
2015-11-23,171.61,-0.003664392641895878
2015-11-24,169.48,-0.01248953465585341
2015-11-25,171.83,0.013770690200295543
2015-11-26,173.44,0.009326102292627423
2015-11-27,173.13,-0.0017889608602966636
2015-11-30,173.92,0.004552665981914496
2015-12-01,173.39,-0.003052030816317777
2015-12-02,173.36,-0.00017303532847768804
2015-12-03,167.93,-0.031823131321187165
2015-12-04,167.25,-0.004057526898578713
2015-12-07,168.11,0.005128828036629433
2015-12-08,165.07,-0.018248900685517825
2015-12-09,164.37,-0.004249642141015511
2015-12-10,163.94,-0.0026194769935495325
2015-12-11,160.6,-0.02058370571222335
2015-12-14,157.77,-0.017778525243298697
2015-12-15,162.31,0.028369810647616598
2015-12-16,162.69,0.0023384626040998634
2015-12-17,164.72,0.01240051319845501
2015-12-18,163.06,-0.010128831484769223
2015-12-21,161.27,-0.011038252242340318
2015-12-22,161.14,-0.000806426643374557
2015-12-23,165.44,0.026335038971014562
2015-12-24,165.4,-0.00024180873047330604
2015-12-28,164.6,-0.004848494346621521
2015-12-29,166.94,0.01411617817962119
2015-12-30,166.05,-0.005345518599834975
2015-12-31,165.2,-0.00513208673587805
2016-01-04,161.07,-0.025317807984289897
2016-01-05,162.07,0.006189287567440425
2016-01-06,160.03,-0.012667043012129248
2016-01-07,156.5,-0.02230528767769094
2016-01-08,154.17,-0.015000120307960026
2016-01-11,153.66,-0.003313520232758971
2016-01-12,155.04,0.008940778702967176
2016-01-13,155.68,0.004119470295239025
2016-01-14,153.33,-0.01521015698939702
2016-01-15,149.0,-0.028646155502838833
2016-01-18,148.46,-0.0036307442560582037
2016-01-19,150.4,0.012982849826338445
2016-01-20,145.59,-0.03250395943050498
2016-01-21,148.42,0.019251640456752896
2016-01-22,152.87,0.029541794470955486
2016-01-25,151.93,-0.006167998557267698
2016-01-26,153.25,0.008650686360645745
2016-01-27,153.78,0.003452434787714011
2016-01-28,151.37,-0.01579583882956086
2016-01-29,154.7,0.0217605868045466
2016-02-01,154.42,-0.001811594698350714
2016-02-02,151.25,-0.02074206596971879
2016-02-03,148.92,-0.015524847906434729
2016-02-04,148.65,-0.0018146995604093597
2016-02-05,147.35,-0.008783840260403087
2016-02-08,142.14,-0.035998221784954654
2016-02-09,139.9,-0.0158846057273135
2016-02-10,142.52,0.01855445906619974
2016-02-11,137.31,-0.03724119740397489
2016-02-12,141.3,0.028644146356821325
2016-02-15,145.53,0.02949696123475299
2016-02-16,144.91,-0.004269390867402118
2016-02-17,148.71,0.025885240642759468
2016-02-18,148.89,0.0012096775668667863
2016-02-19,147.74,-0.0077538061668672685
2016-02-22,150.21,0.01658034290937141
2016-02-23,148.38,-0.01225776424858336
2016-02-24,144.96,-0.023318708466710584
2016-02-25,148.01,0.020821996754428078
2016-02-26,150.27,0.015153836988537922
2016-02-29,151.36,0.007227429265932978
2016-03-01,153.53,0.014234882367239337
2016-03-02,154.55,0.006621680907317792
2016-03-03,154.05,-0.0032404435354483974
2016-03-04,155.13,0.006986250033562876
2016-03-07,154.74,-0.002517185954931357
2016-03-08,153.18,-0.010132588639861013
2016-03-09,153.94,0.004949215624723905
2016-03-10,151.42,-0.01650548343101085
2016-03-11,155.39,0.025880653123482273
2016-03-14,156.49,0.007054024376438004
2016-03-15,154.76,-0.011116580342768472
2016-03-16,154.84,0.0005167958771352018
2016-03-17,154.77,-0.0004521817847790778
2016-03-18,155.31,0.0034829756572514916
2016-03-21,154.98,-0.0021270432461156334
2016-03-22,154.75,-0.0014851647710985671
2016-03-23,154.68,-0.00045244482560908704
2016-03-24,152.45,-0.014521793304832682
2016-03-29,153.22,0.005038123654411187
2016-03-30,155.22,0.01296866833731788
2016-03-31,153.59,-0.010556750998455907
2016-04-01,151.65,-0.012711480292946751
2016-04-04,152.27,0.004080026718051019
2016-04-05,149.41,-0.018961055989647743
2016-04-06,150.59,0.007866707235734637
2016-04-07,149.58,-0.006729545335206507
2016-04-08,151.32,0.011565433001306904
2016-04-11,151.93,0.004023088690846555
2016-04-12,152.75,0.005382709596029589
2016-04-13,156.61,0.024956040426637793
2016-04-14,157.1,0.003123906783232734
2016-04-15,156.58,-0.0033154837818071877
2016-04-18,157.24,0.00420623907389145
2016-04-19,159.56,0.0146467264835462
2016-04-20,160.25,0.0043150687635734545
2016-04-21,159.77,-0.002999814761299161
2016-04-22,159.3,-0.0029460641234773078
2016-04-25,158.51,-0.0049715341062016504
2016-04-26,158.89,0.002394456090474323
2016-04-27,159.41,0.0032673607452797303
2016-04-28,159.85,0.002756375860295148
2016-04-29,156.52,-0.021052078163638605
2016-05-02,156.55,0.00019165043020296144
2016-05-03,153.98,-0.016552723922511385
2016-05-04,152.3,-0.010970463948787252
2016-05-05,152.98,0.004454933992603691
2016-05-06,152.5,-0.0031425978462535902
2016-05-09,153.22,0.004710201041208596
2016-05-10,154.69,0.009548317159898762
2016-05-11,154.03,-0.004275725612207283
2016-05-12,153.41,-0.004033312779684292
2016-05-13,154.22,0.0052660785481325545
2016-05-16,154.32,0.0006482141926589247
2016-05-17,154.36,0.00025916807194445674
2016-05-18,155.69,0.008579314032164942
2016-05-19,154.13,-0.010070448542954778
2016-05-20,156.04,0.012315982479827386
2016-05-23,155.6,-0.002823772894164469
2016-05-24,159.04,0.02186713116397274
2016-05-25,161.13,0.01305574967721376
2016-05-26,161.35,0.0013644259124931898
2016-05-27,161.72,0.0022905262745992376
2016-05-30,161.97,0.00154468812573518
2016-05-31,160.74,-0.007622980113732906
2016-06-01,159.2,-0.009626879374289875
2016-06-02,159.4,0.0012554929458322246
2016-06-03,158.0,-0.008821733329147876
2016-06-06,158.57,0.0036011031745094
2016-06-07,160.35,0.011162789937687713
2016-06-08,159.57,-0.004876228716828028
2016-06-09,158.14,-0.00900198077955493
2016-06-10,154.28,-0.02471158330275386
2016-06-13,151.45,-0.018513595866780787
2016-06-14,148.54,-0.0194012552320959
2016-06-15,149.98,0.009647669632093034
2016-06-16,148.91,-0.007159855271129506
2016-06-17,151.02,0.014070181773165796
2016-06-20,156.56,0.03602704471254113
2016-06-21,157.69,0.007191757329674702
2016-06-22,158.28,0.0037345360997279777
2016-06-23,160.63,0.01473796705245115
2016-06-24,149.33,-0.07294496150049744
2016-06-27,143.2,-0.04191636754263218
2016-06-28,146.9,0.025509828653286604
2016-06-29,151.44,0.03043742372123571
2016-06-30,153.04,0.010509818230930095
2016-07-01,154.15,0.007226829200162013
2016-07-04,153.02,-0.007357522528453514
2016-07-05,150.44,-0.017004298201570223
2016-07-06,147.94,-0.016757547442414
2016-07-07,149.51,0.010556494066114733
2016-07-08,151.94,0.016122425849239168
2016-07-11,154.47,0.016514196651084168
2016-07-12,156.11,0.010560984242415685
2016-07-13,155.91,-0.0012819692801152192
2016-07-14,157.15,0.007921845555116555
2016-07-15,156.88,-0.001719581355485796
2016-07-18,157.25,0.002355713692459205
2016-07-19,156.61,-0.004078257102207291
2016-07-20,158.23,0.010291032252549272
2016-07-21,158.12,-0.0006954323024069454
2016-07-22,158.0,-0.0007592054015179521
2016-07-25,158.28,0.0017705834902567023
2016-07-26,158.44,0.001010356236492318
2016-07-27,159.14,0.004408345195672749
2016-07-28,157.65,-0.009406931958318812
2016-07-29,158.77,0.007079228098350422
2016-08-01,157.83,-0.005938109678594531
2016-08-02,155.79,-0.013009557886488464
2016-08-03,155.84,0.0003208933698877159
2016-08-04,156.98,0.007288568804442481
2016-08-05,158.64,0.010519075512872856
2016-08-08,158.72,0.0005041593250221301
2016-08-09,160.18,0.009156539358973613
2016-08-10,159.86,-0.001999750697663185
2016-08-11,161.32,0.009091537807294395
2016-08-12,161.07,-0.0015509169025795667
2016-08-15,161.05,-0.00012417732537989005
2016-08-16,159.78,-0.007917006723312083
2016-08-17,158.45,-0.008358782916966193
2016-08-18,159.65,0.007544833023861328
2016-08-19,158.36,-0.008112996922861104
2016-08-22,158.5,0.000883671079405417
2016-08-23,159.98,0.009294214103340493
2016-08-24,160.6,0.0038679940919854458
2016-08-25,159.26,-0.008378714683362518
2016-08-26,160.05,0.0049481795865734465
2016-08-29,159.81,-0.0015006568188546444
2016-08-30,160.54,0.004557523106413186
2016-08-31,159.97,-0.0035568350499263542
2016-09-01,160.04,0.00043748633552998764
2016-09-02,163.2,0.019552658540972247
2016-09-05,163.28,0.0004900759715827172
2016-09-06,162.75,-0.003251237412910697
2016-09-07,163.21,0.002822434073925807
2016-09-08,162.7,-0.003129700937612488
2016-09-09,160.93,-0.010938526394588546
2016-09-12,159.4,-0.009552721474288877
2016-09-13,157.76,-0.010341875501789496
2016-09-14,157.62,-0.0008878179288217351
2016-09-15,158.52,0.005693695396730845
2016-09-16,157.35,-0.007408144811818433
2016-09-19,158.98,0.01030578463455066
2016-09-20,158.85,-0.0008180474294413898
2016-09-21,159.55,0.0043969920087274855
2016-09-22,162.08,0.015732687776120836
2016-09-23,160.91,-0.007244838029314541
2016-09-26,158.42,-0.015595468434925224
2016-09-27,158.54,0.000757193372876193
2016-09-28,159.65,0.006976991751781395
2016-09-29,159.73,0.0005009706410742103
2016-09-30,159.82,0.0005632921444515885
2016-10-03,159.98,0.0010006254743590536
2016-10-04,161.32,0.008341162584491638
2016-10-05,160.43,-0.0055322596421828385
2016-10-06,159.82,-0.0038095284166677302
2016-10-07,158.34,-0.009303562203029024
2016-10-10,159.43,0.006860334675986266
2016-10-11,158.59,-0.005282698908764468
2016-10-12,157.85,-0.004677040506508862
2016-10-13,156.49,-0.00865310482892004
2016-10-14,158.51,0.012825572634720506
2016-10-17,157.33,-0.0074721725574692045
2016-10-18,159.71,0.01501416041588609
2016-10-19,160.25,0.0033754251325613057
2016-10-20,160.61,0.0022439702740264904
2016-10-21,160.61,0.0
2016-10-24,160.61,0.0
2016-10-25,160.05,-0.003492799658933791
2016-10-26,159.44,-0.0038185905113329237
2016-10-27,159.45,6.271755152729529e-05
2016-10-28,159.03,-0.002637529788242137
2016-10-31,158.19,-0.005296021457336357
2016-11-01,156.49,-0.010804732035407409
2016-11-02,154.74,-0.011245821053772139
2016-11-03,154.76,0.00012924071100360227
2016-11-04,153.48,-0.008305264453560553
2016-11-07,155.83,0.015195404078771632
2016-11-08,156.34,0.0032674533346610806
2016-11-09,158.62,0.014478281862989266
2016-11-10,158.27,-0.002208969309981697
2016-11-11,157.62,-0.004115362419688302
2016-11-14,157.97,0.002218068655502237
2016-11-15,158.46,0.003097053956090034
2016-11-16,158.15,-0.001958245785438043
2016-11-17,159.16,0.0063660358070699525
2016-11-18,158.6,-0.003524676357980296
2016-11-21,159.01,0.002581784123557927
2016-11-22,159.37,0.002261449547236793
2016-11-23,159.26,-0.0006904560422436122
2016-11-24,159.81,0.0034475227677188258
2016-11-25,160.1,0.0018130104056515285
2016-11-28,158.87,-0.00771236227073676
2016-11-29,159.41,0.0033932419136230613
2016-11-30,159.9,0.003069120194353433
2016-12-01,159.38,-0.0032573318703065105
2016-12-02,158.68,-0.004401692323472571
2016-12-05,159.58,0.0056557682340055045
2016-12-06,161.13,0.00966612870534261
2016-12-07,162.6,0.009081704528232542
2016-12-08,164.61,0.012285842625283603
2016-12-09,166.21,0.009673009344024958
2016-12-12,165.44,-0.004643457762954519
2016-12-13,167.2,0.010582109330536788
2016-12-14,166.37,-0.004976476978949695
2016-12-15,167.81,0.00861816334141888
2016-12-16,168.38,0.003390942896447407
2016-12-19,168.2,-0.0010695823706702897
2016-12-20,169.01,0.004804137231289054
2016-12-21,168.69,-0.0018951737979166297
2016-12-22,168.35,-0.002017565365136553
2016-12-23,168.42,0.0004157139947625762
2016-12-27,168.66,0.0014239945446494263
2016-12-28,169.15,0.0029010410802219723
2016-12-29,168.57,-0.003434801434501006
2016-12-30,169.12,0.0032574283297110884
2017-01-02,169.94,0.004836911453467633
2017-01-03,171.13,0.006978068013965108
2017-01-04,170.92,-0.001227890813536249
2017-01-05,171.11,0.001111013768055084
2017-01-06,171.02,-0.0005261158160698924
2017-01-09,170.19,-0.00486504872122381
2017-01-10,170.39,0.0011744672205622941
2017-01-11,170.78,0.0022862512523123915
2017-01-12,169.66,-0.006579744099871447
2017-01-13,171.27,0.009444824264688999
2017-01-16,169.88,-0.008148953199207144
2017-01-17,169.62,-0.0015316645115163291
2017-01-18,169.93,0.0018259466124601227
2017-01-19,169.84,-0.0005297701510134811
2017-01-20,169.72,-0.0007067970608765636
2017-01-23,169.0,-0.004251305411050661
2017-01-24,169.43,0.002541147246941451
2017-01-25,171.61,0.012784598244196938
2017-01-26,172.04,0.002502547501323756
2017-01-27,171.52,-0.0030271300330983095
2017-01-30,169.75,-0.010373111443631745
2017-01-31,168.61,-0.006738410648916189
2017-02-01,170.05,0.008504155663315098
2017-02-02,169.54,-0.0030036242729450813
2017-02-03,170.53,0.005822347144563506
2017-02-06,169.38,-0.006766522831369958
2017-02-07,169.92,0.0031830265601211125
2017-02-08,170.48,0.003290249736787776
2017-02-09,171.83,0.007887628168292107
2017-02-10,172.12,0.0016862920117451385
2017-02-13,173.4,0.007409156376042562
2017-02-14,173.43,0.0001729954160528753
2017-02-15,174.04,0.0035110980899848107
2017-02-16,173.54,-0.0028770374871356728
2017-02-17,173.6,0.00034568186090605497
2017-02-20,173.99,0.0022440240723751387
2017-02-21,175.09,0.00630230113960067
2017-02-22,175.09,0.0
2017-02-23,175.01,-0.00045701229015942174
2017-02-24,173.68,-0.007628589578029494
2017-02-27,173.45,-0.0013251521542777757
2017-02-28,173.79,0.001958300360883663
2017-03-01,176.36,0.014679686713094635
2017-03-02,176.49,0.0007368570547374323
2017-03-03,176.32,-0.0009636915799246828
2017-03-06,175.4,-0.00523144602646693
2017-03-07,174.93,-0.002683186035908374
2017-03-08,175.07,0.0008000000426665411
2017-03-09,175.26,0.0010846916828635108
2017-03-10,175.42,0.0009125128955309849
2017-03-13,176.09,0.0038121294494511816
2017-03-14,175.53,-0.0031852595044322436
2017-03-15,176.3,0.004377120935570166
2017-03-16,177.73,0.008078455368075733
2017-03-17,178.07,0.0019111866413226342
2017-03-20,177.81,-0.0014611669453664503
2017-03-21,176.87,-0.005300565021154137
2017-03-22,176.09,-0.004419771474015631
2017-03-23,177.61,0.008594907306548926
2017-03-24,177.31,-0.0016905222103383536
2017-03-27,176.63,-0.0038424639015451115
2017-03-28,177.71,0.006095859030042931
2017-03-29,178.32,0.003426680880218416
2017-03-30,179.38,0.005926771612243522
2017-03-31,179.78,0.002227420455396321
2017-04-03,178.93,-0.004739213241482722
2017-04-04,179.29,0.0020099387035653125
2017-04-05,179.36,0.00039035271651398427
2017-04-06,179.79,0.0023945438143537414
2017-04-07,180.05,0.0014450869566807129
2017-04-10,180.2,0.0008327550793531726
2017-04-11,180.18,-0.00011099395094356506
2017-04-12,180.51,0.0018298266770761572
2017-04-13,179.93,-0.003218291535942596
2017-04-18,177.98,-0.010896701935711208
2017-04-19,178.45,0.0026372655074532107
2017-04-20,178.88,0.0024067400305650593
2017-04-21,178.92,0.00022358859791295354
2017-04-24,182.76,0.021235038130423385
2017-04-25,183.21,0.0024592192080824995
2017-04-26,184.09,0.004791732555317556
2017-04-27,183.8,-0.00157655853688398
2017-04-28,183.54,-0.001415582530719687
2017-05-01,183.33,-0.001144819815933196
2017-05-02,184.85,0.008256877807706984
2017-05-03,184.8,-0.0002705261750570371
2017-05-04,186.18,0.007439788480759982
2017-05-05,187.49,0.007011562966515542
2017-05-08,187.35,-0.0007469854151630912
2017-05-09,188.24,0.004739219179410675
2017-05-10,188.59,0.0018576021051665947
2017-05-11,187.81,-0.0041445330314276545
2017-05-12,188.47,0.0035080295356903655
2017-05-15,188.78,0.0016434728682618502
2017-05-16,188.85,0.00037073326166743744
2017-05-17,186.6,-0.01198576074522244
2017-05-18,185.79,-0.004350284795164192
2017-05-19,186.91,0.006010213960007292
2017-05-22,186.86,-0.0002675442132767946
2017-05-23,187.3,0.0023519360852331936
2017-05-24,187.51,0.0011205678715841415
2017-05-25,187.43,-0.00042673495073348034
2017-05-26,187.07,-0.0019225640100805315
2017-05-29,187.05,-0.00010691756665794807
2017-05-30,186.77,-0.00149804746863956
2017-05-31,186.57,-0.001071409541608165
2017-06-01,187.45,0.004705639398013343
2017-06-02,187.9,0.0023977632374985857
2017-06-05,187.69,-0.0011182407512611606
2017-06-06,186.45,-0.006628559043328749
2017-06-07,186.34,-0.0005901446025508069
2017-06-08,186.41,0.0003755868588752576
2017-06-09,187.01,0.003213542479474334
2017-06-12,185.25,-0.00945582718443232
2017-06-13,186.27,0.005490969868714928
2017-06-14,185.73,-0.002903227845660777
2017-06-15,185.01,-0.003884128527739298
2017-06-16,186.24,0.006626286871562027
2017-06-19,187.85,0.008607607476904816
2017-06-20,186.55,-0.006944472352810935
2017-06-21,186.23,-0.0017168307237524433
2017-06-22,186.26,0.00016107815009737915
2017-06-23,185.82,-0.002365083880345315
2017-06-26,186.52,0.0037600087269538673
2017-06-27,185.05,-0.007912413107955093
2017-06-28,184.98,-0.000378347706051113
2017-06-29,182.53,-0.01333316805142105
2017-06-30,181.92,-0.003347513072467006
2017-07-03,183.86,0.010607568433382836
2017-07-04,183.34,-0.002832245901979107
2017-07-05,183.7,0.001961639687450426
2017-07-06,182.49,-0.00660861522035614
2017-07-07,182.37,-0.0006577865719828369
2017-07-10,183.07,0.003831002934182422
2017-07-11,181.87,-0.006576447223996672
2017-07-12,184.63,0.01506167626872516
2017-07-13,185.23,0.0032444737269798716
2017-07-14,185.57,0.0018338732216157637
2017-07-17,185.58,5.3886568785833244e-05
2017-07-18,183.53,-0.011107914054652628
2017-07-19,184.95,0.00770737640808225
2017-07-20,184.25,-0.00379198720901692
2017-07-21,182.37,-0.010255940640705128
2017-07-24,181.94,-0.002360628034825079
2017-07-25,182.68,0.004059025922882427
2017-07-26,183.62,0.0051324163987556196
2017-07-27,183.44,-0.0009807661659050322
2017-07-28,181.53,-0.010466709247309209
2017-07-31,181.3,-0.0012678115415343445
2017-08-01,182.45,0.006323045121651187
2017-08-02,181.7,-0.004119187480331188
2017-08-03,181.92,0.0012100546001003083
2017-08-04,183.67,0.009573639138217627
2017-08-07,183.42,-0.0013620640096455143
2017-08-08,183.72,0.001634254326794534
2017-08-09,182.38,-0.0073204369520732965
2017-08-10,180.8,-0.008700974547443239
2017-08-11,178.92,-0.010452669393428907
2017-08-14,180.85,0.01072917983345963
2017-08-15,181.02,0.0009395640009178798
2017-08-16,182.27,0.006881581837817328
2017-08-17,181.27,-0.005501471762014373
2017-08-18,180.01,-0.00697522757221459
2017-08-21,179.3,-0.003952024291525902
2017-08-22,180.78,0.008220441759177627
2017-08-23,179.88,-0.004990860467758225
2017-08-24,180.18,0.001666389320787263
2017-08-25,179.97,-0.0011661808901825075
2017-08-28,179.12,-0.004734198042611958
2017-08-29,177.25,-0.01049480687826251
2017-08-30,178.5,0.007027435807456876
2017-08-31,179.89,0.007756951754900949
2017-09-01,180.98,0.00604097494839233
2017-09-04,180.03,-0.005263024253455935
2017-09-05,179.81,-0.001222765825984901
2017-09-06,179.93,0.0006671485208809566
2017-09-07,180.46,0.0029412602019273882
2017-09-08,180.73,0.0014950582811925376
2017-09-11,182.61,0.010348526326395546
2017-09-12,183.57,0.005243334968615984
2017-09-13,183.54,-0.0001634387516917095
2017-09-14,183.76,0.0011979309899757342
2017-09-15,183.23,-0.002888364088759225
2017-09-18,183.86,0.0034324041435251054
2017-09-19,183.94,0.00043501903894283526
2017-09-20,183.89,-0.00027186472178983534
2017-09-21,184.34,0.002444125812756441
2017-09-22,184.5,0.0008675849150636822
2017-09-25,184.87,0.0020034118837723033
2017-09-26,184.93,0.00032449973243114564
2017-09-27,185.7,0.004155093261874777
2017-09-28,186.07,0.0019904786408899665
2017-09-29,186.93,0.004611268224690401
2017-10-02,187.88,0.005069245934553959
2017-10-03,188.16,0.0014892035514678331
2017-10-04,188.01,-0.0007975118055683392
2017-10-05,188.34,0.001753687177223554
2017-10-06,187.6,-0.003936803509792905
2017-10-09,187.96,0.001917137662490728
2017-10-10,187.93,-0.00015962116610551892
2017-10-11,187.95,0.0001064169416773408
2017-10-12,188.06,0.0005850908387438218
2017-10-13,188.61,0.0029203302141486433
2017-10-16,188.6,-5.302086372244328e-05
2017-10-17,188.14,-0.0024420036555517443
2017-10-18,188.69,0.0029190902558172502
2017-10-19,187.53,-0.006166624187791977
2017-10-20,188.02,0.002609507538574295
2017-10-23,188.32,0.0015943033615615808
2017-10-24,187.64,-0.0036174100517093813
2017-10-25,186.58,-0.00566513192744219
2017-10-26,188.59,0.010715244991458721
2017-10-27,189.65,0.005604921610634244
2017-10-30,189.88,0.0012120255482092877
2017-10-31,190.53,0.0034173687998759325
2017-11-01,191.28,0.003928660667076171
2017-11-02,190.42,-0.004506164292524084
2017-11-03,190.96,0.0028318231730295293
2017-11-06,191.22,0.0013606156267254512
2017-11-07,190.29,-0.004875373343384608
2017-11-08,190.2,-0.00047307420262558984
2017-11-09,188.14,-0.01088978356748462
2017-11-10,187.48,-0.0035141934892999782
2017-11-13,186.26,-0.006528625960993663
2017-11-14,185.19,-0.0057612220195975
2017-11-15,184.28,-0.004925985006197917
2017-11-16,185.78,0.008106837891658577
2017-11-17,185.23,-0.0029648818247431635
2017-11-20,186.51,0.006886560814724093
2017-11-21,187.33,0.0043869105236117294
2017-11-22,186.83,-0.0026726550012213476
2017-11-23,186.91,0.0004281051063402908
2017-11-24,186.67,-0.0012848655335810214
2017-11-27,185.82,-0.00456388883133909
2017-11-28,186.86,0.0055812101516432115
2017-11-29,187.31,0.0024053249429913277
2017-11-30,186.71,-0.0032083873305564737
2017-12-01,185.4,-0.007040957845489637
2017-12-04,187.09,0.009074131365572448
2017-12-05,186.76,-0.0017654143945910726
2017-12-06,186.56,-0.0010714669406086572
2017-12-07,186.62,0.0003215606437484683
2017-12-08,187.99,0.007314306119994235
2017-12-11,187.9,-0.00047886350645044766
2017-12-12,189.17,0.00673617525815223
2017-12-13,188.72,-0.002381646578152343
2017-12-14,187.85,-0.004620663079441749
2017-12-15,187.51,-0.001811594698350714
2017-12-18,189.68,0.011506264435522901
2017-12-19,188.93,-0.003961865671923492
2017-12-20,187.65,-0.006798050504196749
2017-12-21,188.77,0.005950817199612565
2017-12-22,188.57,-0.001060052041811244
2017-12-27,188.7,0.0006891616356732447
2017-12-28,188.26,-0.0023344662554303417
2017-12-29,188.09,-0.0009034144363609893
2018-01-02,187.69,-0.0021289060145547544
2018-01-03,188.59,0.004783680856115292
2018-01-04,190.27,0.008868769528035647
2018-01-05,192.04,0.009259567610430258
2018-01-08,192.56,0.0027041098120770043
2018-01-09,193.38,0.004249371580585017
2018-01-10,192.65,-0.0037820939832348918
2018-01-11,192.02,-0.0032755378026888605
2018-01-12,192.61,0.003067885826653358
2018-01-15,192.3,-0.0016107665013970391
2018-01-16,192.55,0.0012992076661838211
2018-01-17,192.37,-0.0009352593428279157
2018-01-18,192.76,0.0020252908540417877
2018-01-19,193.8,0.005380807684533965
2018-01-22,194.42,0.0031940679362569865
2018-01-23,194.76,0.0017472639215772435
2018-01-24,193.78,-0.005044536357641993
2018-01-25,192.7,-0.005588919536537386
2018-01-26,193.68,0.00507273720948253
2018-01-29,193.31,-0.0019121946962026804
2018-01-30,191.55,-0.009146246786942439
2018-01-31,191.23,-0.001671979071775198
2018-02-01,190.36,-0.004559875821973073
2018-02-02,187.73,-0.013912255916639004
2018-02-05,184.8,-0.015730601128686884
2018-02-06,180.34,-0.024430201135823247
2018-02-07,183.9,0.01954817353851468
2018-02-08,180.95,-0.016171381600524042
2018-02-09,178.33,-0.014584983545329406
2018-02-12,180.42,0.011651699764070707
2018-02-13,179.28,-0.0063386367358210845
2018-02-14,181.2,0.01065256411620731
2018-02-15,182.3,0.006052288075738595
2018-02-16,184.29,0.010856922159328212
2018-02-19,183.14,-0.006259716164359652
2018-02-20,184.24,0.005988367832843808
2018-02-21,184.53,0.0015727963759567067
2018-02-22,184.3,-0.0012471872126089845
2018-02-23,184.7,0.002168022529416485
2018-02-26,185.62,0.004968685962052526
2018-02-27,185.3,-0.001725439875932604
2018-02-28,183.98,-0.0071490772423029895
2018-03-01,181.72,-0.012360015157808556
2018-03-02,177.93,-0.021076826372457544
2018-03-05,179.79,0.010399288619458665
2018-03-06,180.17,0.0021113464894051597
2018-03-07,180.82,0.0036012116816115467
2018-03-08,182.77,0.010726470457130585
2018-03-09,183.57,0.004367534376208016
2018-03-12,184.03,0.0025027216545443786
2018-03-13,182.23,-0.009829162299139412
2018-03-14,181.97,-0.001427787172812433
2018-03-15,183.05,0.005917501241093905
2018-03-16,183.54,0.0026732878246216755
2018-03-19,181.62,-0.01051603512918471
2018-03-20,182.53,0.004997950813010516
2018-03-21,182.25,-0.001535172185925319
2018-03-22,179.5,-0.015204162960433934
2018-03-23,177.94,-0.008728793111712239
2018-03-26,176.67,-0.007162829192032244
2018-03-27,178.84,0.012207965741190792
2018-03-28,179.67,0.0046302835787007
2018-03-29,180.51,0.0046643429558894415
2018-04-03,179.64,-0.004831329680832841
2018-04-04,178.83,-0.004519214319592246
2018-04-05,183.17,0.0239790494721806
2018-04-06,182.75,-0.0022955847422375963
2018-04-09,182.98,0.0012577586215012232
2018-04-10,184.52,0.008381001438230657
2018-04-11,183.44,-0.005870220139970896
2018-04-12,184.78,0.007278289692950052
2018-04-13,185.02,0.0012979991005735746
2018-04-16,184.48,-0.0029228708224237746
2018-04-17,185.99,0.00815185230628671
2018-04-18,186.53,0.0028991752294358036
2018-04-19,186.66,0.000696696081129363
2018-04-20,186.67,5.357190690469242e-05
2018-04-23,187.37,0.003742919565915768
2018-04-24,187.39,0.0001067349771532165
2018-04-25,186.09,-0.0069615789344385295
2018-04-26,187.98,0.010105146539019526
2018-04-27,188.49,0.0027093808908101903
2018-04-30,188.91,0.002225756085795594
2018-05-01,188.77,-0.0007413683881185548
2018-05-02,190.01,0.00654735957379795
2018-05-03,188.74,-0.006706295761253547
2018-05-04,190.01,0.006706295761253551
2018-05-07,191.38,0.007184277996676373
2018-05-08,191.65,0.0014098114754473594
2018-05-09,192.88,0.006397442046351516
2018-05-10,192.9,0.00010368603876774124
2018-05-11,193.23,0.001709269315225485
2018-05-14,193.16,-0.0003623282215678724
2018-05-15,193.26,0.000517571565821288
2018-05-16,193.69,0.0022225102829853227
2018-05-17,195.05,0.006996993098517734
2018-05-18,194.64,-0.0021042374773985227
2018-05-21,195.39,0.0038458627511527713
2018-05-22,195.99,0.0030660762943490265
2018-05-23,193.84,-0.011030561012498406
2018-05-24,192.87,-0.0050166896865652755
2018-05-25,193.15,0.0014507022905853773
2018-05-28,192.64,-0.0026439269918341972
2018-05-29,190.03,-0.013641207687189856
2018-05-30,190.67,0.003362230643087034
2018-05-31,189.53,-0.005996861738144402
2018-06-01,191.45,0.010079354585094584
2018-06-04,192.07,0.0032332109934570565
2018-06-05,191.49,-0.0030243009806848894
2018-06-06,191.5,5.222068462501195e-05
2018-06-07,191.11,-0.0020386301198107655
2018-06-08,190.7,-0.0021476658945166665
2018-06-11,192.15,0.007574804404479698
2018-06-12,191.95,-0.0010413955640462677
2018-06-13,192.33,0.0019777252204690016
2018-06-14,194.74,0.01245268888333449
2018-06-15,192.81,-0.009960087499305636
2018-06-18,191.25,-0.008123775344659303
2018-06-19,189.91,-0.007031196980491508
2018-06-20,190.45,0.00283941719845929
2018-06-21,188.79,-0.00875440671766118
2018-06-22,190.86,0.010904888782155986
2018-06-25,186.91,-0.020912957411021407
2018-06-26,187.01,0.0005348737825422166
2018-06-27,188.37,0.007246022433499238
2018-06-28,186.89,-0.00788790531191669
2018-06-29,188.41,0.00810023080769815
2018-07-02,186.84,-0.008367803656001895
2018-07-03,188.37,0.008155478160220383
2018-07-04,188.49,0.0006368412888375746
2018-07-05,189.26,0.004076775997121094
2018-07-06,189.64,0.0020058069538309467
2018-07-09,190.78,0.005993393683144432
2018-07-10,191.6,0.0042889338196980716
2018-07-11,189.2,-0.012605208918982279
2018-07-12,190.68,0.007791973718847042
2018-07-13,191.0,0.0016767977100049319
2018-07-16,190.52,-0.0025162521139701316
2018-07-17,190.98,0.002411534589396809
2018-07-18,192.01,0.005378743482768807
2018-07-19,191.57,-0.0022941769278154497
2018-07-20,191.3,-0.0014104006308023576
2018-07-23,190.95,-0.0018312627746821415
2018-07-24,192.59,0.008551963264595643
2018-07-25,192.09,-0.002599564737300249
2018-07-26,193.78,0.008759482758037486
2018-07-27,194.55,0.00396570447370465
2018-07-30,194.01,-0.002779495303951528
2018-07-31,194.35,0.0017509531716211368
2018-08-01,193.47,-0.004538195607836425
2018-08-02,191.92,-0.008043843158956615
2018-08-03,193.18,0.006543778219710915
2018-08-06,192.95,-0.0011913087675221902
2018-08-07,193.86,0.004705161080834208
2018-08-08,193.46,-0.002065476310060948
2018-08-09,193.88,0.0021686382227742223
2018-08-10,191.8,-0.010786248527837309
2018-08-13,191.33,-0.0024534765524264956
2018-08-14,191.34,5.226435310971516e-05
2018-08-15,188.74,-0.01368154365683429
2018-08-16,189.72,0.005178894416193838
2018-08-17,189.55,-0.0008964590470370395
2018-08-20,190.64,0.005733990828142745
2018-08-21,191.1,0.002410018455740636
2018-08-22,191.04,-0.0003140210419901343
2018-08-23,190.75,-0.0015191600396708151
2018-08-24,190.85,0.000524109026672277
2018-08-27,191.85,0.005226037501722556
2018-08-28,191.8,-0.00026065424362344436
2018-08-29,192.35,0.002863466748966252
2018-08-30,191.75,-0.0031241889509385145
2018-08-31,190.22,-0.008011143193126085
2018-09-03,190.34,0.000630649589957955
2018-09-04,189.01,-0.007012022931332454
2018-09-05,186.94,-0.011012213958427528
2018-09-06,185.91,-0.005525024112311523
2018-09-07,186.06,0.0008065166982867822
2018-09-10,186.93,0.004665012883827691
2018-09-11,186.83,-0.0005351027524942324
2018-09-12,187.71,0.00469910620663566
2018-09-13,187.44,-0.0014394244788416824
2018-09-14,188.1,0.0035149421074443707
2018-09-17,188.33,0.0012220068996711066
2018-09-18,188.54,0.0011144427613483162
2018-09-19,189.19,0.0034416151303236285
2018-09-20,190.51,0.006952885529015444
2018-09-21,191.35,0.004399525244367679
2018-09-24,190.3,-0.005502437569607365
2018-09-25,191.21,0.004770526202764313
2018-09-26,191.78,0.0029765812206669733
2018-09-27,192.46,0.003539458202719718
2018-09-28,190.86,-0.008348164939147057
2018-10-01,191.25,0.0020412977175375143
2018-10-02,190.25,-0.005242475964849983
2018-10-03,191.19,0.004928701252517309
2018-10-04,189.18,-0.010568755209287893
2018-10-05,187.55,-0.008653466257128064
2018-10-08,185.47,-0.011152332626700888
2018-10-09,185.83,0.0019391333843638884
2018-10-10,182.86,-0.0161114445492788
2018-10-11,179.29,-0.0197162261289447
2018-10-12,178.94,-0.001954052487885917
2018-10-15,179.12,0.0010054181710495928
2018-10-16,181.95,0.0156759517676693
2018-10-17,181.23,-0.003964981239409211
2018-10-18,180.33,-0.004978437099579048
2018-10-19,180.12,-0.0011652102858095152
2018-10-22,179.37,-0.0041725838724481264
2018-10-23,176.54,-0.015903231968835963
2018-10-24,176.15,-0.0022115748048400427
2018-10-25,177.06,0.005152753395656332
2018-10-26,175.7,-0.007710662989851562
2018-10-29,177.28,0.00895240836586758
2018-10-30,177.29,5.6406351370118956e-05
2018-10-31,180.33,0.01700169580889131
2018-11-01,181.09,0.00420563953407056
2018-11-02,181.59,0.0027572533184545226
2018-11-05,181.3,-0.0015982808109001945
2018-11-06,180.84,-0.0025404553344010655
2018-11-07,182.76,0.010561154268666259
2018-11-08,183.14,0.0020770709845154144
2018-11-09,182.48,-0.0036103097034534386
2018-11-12,180.64,-0.010134477574780682
2018-11-13,181.84,0.006621079142935956
2018-11-14,180.76,-0.005956995001208935
2018-11-15,178.92,-0.010231405978431566
2018-11-16,178.56,-0.002014099371701145
2018-11-19,177.28,-0.007194275634027085
2018-11-20,175.26,-0.011459817931214443
2018-11-21,177.27,0.011403408397988425
2018-11-22,176.08,-0.006735556807486718
2018-11-23,176.79,0.004024150299725327
2018-11-26,178.96,0.012199729663942654
2018-11-27,178.51,-0.0025176951224134755
2018-11-28,178.52,5.601770160840421e-05
2018-11-29,178.88,0.002014550205665137
2018-11-30,178.58,-0.0016785098776639078
2018-12-03,180.43,0.010306210831136703
2018-12-04,179.08,-0.007510257547442268
2018-12-05,177.0,-0.011682900798935657
2018-12-06,171.54,-0.031333257011553775
2018-12-07,172.61,0.006218238836322573
2018-12-10,169.38,-0.018890002905144986
2018-12-11,171.98,0.015233479489297432
2018-12-12,174.89,0.01677901387834933
2018-12-13,174.6,-0.001659561455598002
2018-12-14,173.5,-0.006320044018587925
2018-12-17,171.54,-0.011361123824638535
2018-12-18,170.2,-0.007842259423001747
2018-12-19,170.73,0.0031091451438684326
2018-12-20,168.26,-0.014572959160474673
2018-12-21,168.31,0.00029711501540736855
2018-12-24,167.62,-0.004108004467314707
2018-12-27,164.83,-0.016784872927495476
2018-12-28,168.16,0.02000126738537637
2018-12-31,168.87,0.00421328101540398
2019-01-02,168.65,-0.0013036266363856258
2019-01-03,167.01,-0.009771870644133221
2019-01-04,171.74,0.027928014380812716
2019-01-07,171.49,-0.001456749376282948
2019-01-08,172.98,0.008651025010309971
2019-01-09,173.93,0.00547693854169623
2019-01-10,174.52,0.003386428835346972
2019-01-11,174.68,0.0009163803619513551
2019-01-14,173.83,-0.00487791848391124
2019-01-15,174.44,0.003503032841116621
2019-01-16,175.39,0.005431222795480614
2019-01-17,175.48,0.0005130105279668894
2019-01-18,178.64,0.017847531233889234
2019-01-21,178.32,-0.0017929184542889976
2019-01-22,177.69,-0.003539230120629914
2019-01-23,177.59,-0.0005629362904796964
2019-01-24,177.99,0.0022498462721576916
2019-01-25,179.07,0.006049421910006462
2019-01-28,177.34,-0.00970799689680719
2019-01-29,178.76,0.007975330113389679
2019-01-30,179.43,0.003741035659324565
2019-01-31,179.59,0.0008913153060695906
2019-02-01,180.11,0.0028913003183211766
2019-02-04,180.22,0.0006105514579251406
2019-02-05,182.76,0.013995489888179497
2019-02-06,183.03,0.001476257136799988
2019-02-07,180.3,-0.015027943622599111
2019-02-08,179.3,-0.005561749598184388
2019-02-11,180.82,0.008441680698133131
2019-02-12,181.66,0.004634746764847192
2019-02-13,182.76,0.006037008621003271
2019-02-14,182.29,-0.0025749911502405643
2019-02-15,184.86,0.013999956291801499
2019-02-18,185.29,0.0023233834576914386
2019-02-19,184.89,-0.0021611116520618206
2019-02-20,186.14,0.006738025115303062
2019-02-21,185.75,-0.0020973951596958175
2019-02-22,186.17,0.002258551185936913
2019-02-25,186.64,0.0025213929293688613
2019-02-26,187.37,0.0039036438972466585
2019-02-27,186.86,-0.0027255982456115034
2019-02-28,187.07,0.001123204996003405
2019-03-01,187.79,0.0038414388593017127
2019-03-04,188.37,0.003083796574012892
2019-03-05,188.65,0.0014853326161917428
2019-03-06,188.57,-0.00042415567148827975
2019-03-07,188.0,-0.003027327908882047
2019-03-08,186.34,-0.008869000807670259
2019-03-11,187.8,0.007804604751883695
2019-03-12,187.69,-0.00058590110600411
2019-03-13,188.87,0.00626728203959637
2019-03-14,190.38,0.007963127115404553
2019-03-15,191.68,0.006805240103925437
2019-03-18,192.2,0.0027091816091075233
2019-03-19,193.35,0.005965521517114091
2019-03-20,191.62,-0.008987773830578746
2019-03-21,191.6,-0.0001043786859671193
2019-03-22,189.28,-0.012182465306683538
2019-03-25,188.43,-0.004500815095677564
2019-03-26,189.89,0.0077183720029262454
2019-03-27,189.99,0.0005264820591232628
2019-03-28,189.84,-0.0007898270689405577
2019-03-29,191.13,0.006772212668998253
2019-04-01,193.45,0.01206525635001542
2019-04-02,194.14,0.0035604671375582433
2019-04-03,196.11,0.010096178008667885
2019-04-04,195.7,-0.002092851890717452
2019-04-05,195.98,0.0014297388056419302
2019-04-08,195.64,-0.0017363775365159839
2019-04-09,194.74,-0.004610900120546184
2019-04-10,195.29,0.002820297744080776
2019-04-11,195.5,0.0010747461307294974
2019-04-12,195.86,0.0018397388672279653
2019-04-15,196.33,0.002396798618009122
2019-04-16,196.91,0.0029498546464211185
2019-04-17,197.11,0.001015176981759345
2019-04-18,197.59,0.002432228206887996
2019-04-23,198.17,0.0029310714333954818
2019-04-24,197.99,-0.0009087238105142795
2019-04-25,197.71,-0.0014152137818180814
2019-04-26,198.23,0.0026266621153304454
2019-04-29,198.52,0.0014618780171206153
2019-04-30,198.6,0.0004029008918320985
2019-05-01,198.47,-0.0006547964069049629
2019-05-02,197.52,-0.004798110167243119
2019-05-03,198.34,0.004142884721054872
2019-05-06,196.77,-0.007947195784225149
2019-05-07,194.15,-0.013404477796077474
2019-05-08,194.49,0.0017496916773377866
2019-05-09,191.56,-0.015179672380605391
2019-05-10,192.22,0.003439473920729692
2019-05-13,189.93,-0.01198496617099341
2019-05-14,191.87,0.010162476145862975
2019-05-15,192.8,0.004835322806437468
2019-05-16,195.47,0.01375353278848522
2019-05-17,194.84,-0.0032282060265885417
2019-05-20,193.01,-0.009436707904225418
2019-05-21,194.13,0.005786036703167809
2019-05-22,193.99,-0.0007214263942696889
2019-05-23,191.34,-0.013754661092993463
2019-05-24,192.44,0.005732466581231733
2019-05-27,192.95,0.0026466711523748247
2019-05-28,192.53,-0.002179102242383495
2019-05-29,189.87,-0.013912358285920499
2019-05-30,190.72,0.004466756421661212
2019-05-31,189.21,-0.007948874533315328
2019-06-03,189.95,0.003903370289965038
2019-06-04,191.09,0.005983641619645516
2019-06-05,191.82,0.0038129110465251166
2019-06-06,191.83,5.2130848441441104e-05
2019-06-07,193.61,0.00923626325282745
2019-06-10,194.04,0.0022184969759417718
2019-06-11,195.42,0.007086765139181293
2019-06-12,194.83,-0.0030237050584011327
2019-06-13,195.18,0.0017948262555193026
2019-06-14,194.4,-0.004004317686976346
2019-06-17,194.25,-0.0007719027785819382
2019-06-18,197.54,0.016795106232224476
2019-06-19,197.54,0.0
2019-06-20,198.28,0.0037390776723918544
2019-06-21,197.56,-0.003637837479949005
2019-06-24,197.1,-0.0023311215137495882
2019-06-25,196.91,-0.000964442601595694
2019-06-26,196.29,-0.00315361400732173
2019-06-27,196.36,0.0003565516400947262
2019-06-28,197.73,0.006952754542886256
2019-07-01,199.29,0.00785858661252131
2019-07-02,200.02,0.003656311203110479
2019-07-03,201.73,0.008512808097889207
2019-07-04,201.96,0.0011394883444556698
2019-07-05,200.5,-0.007255411244091135
2019-07-08,200.4,-0.0004988775359140897
2019-07-09,199.4,-0.005002511682971799
2019-07-10,199.0,-0.0020080328032456344
2019-07-11,198.78,-0.0011061391846328855
2019-07-12,198.86,0.0004023740120680277
2019-07-15,199.32,0.002310513861276292
2019-07-16,200.01,0.0034557918848745904
2019-07-17,199.27,-0.0037066762535854373
2019-07-18,198.83,-0.0022105007745029303
2019-07-19,199.07,0.0012063333958520555
2019-07-22,199.35,0.001405552161521883
2019-07-23,201.3,0.00973425881838185
2019-07-24,201.4,0.0004966476387159988
2019-07-25,200.29,-0.005526663971320774
2019-07-26,200.92,0.00314050256870275
2019-07-29,200.99,0.0003483366958167034
2019-07-30,198.04,-0.014786125084438297
2019-07-31,198.39,0.001765759861458372
2019-08-01,199.38,0.0049777612398772585
2019-08-02,194.48,-0.024883221586690013
2019-08-05,190.02,-0.023200000229264366
2019-08-06,189.14,-0.004641848191237402
2019-08-07,189.59,0.002376364226580939
2019-08-08,193.0,0.01782634309093846
2019-08-09,191.39,-0.008376957854903848
2019-08-12,190.8,-0.003087472035795535
2019-08-13,191.83,0.005383804134060191
2019-08-14,188.62,-0.016875154032507746
2019-08-15,188.21,-0.0021760484132660337
2019-08-16,190.57,0.012461220437811815
2019-08-19,192.76,0.011426310631847365
2019-08-20,191.44,-0.0068714481720140936
2019-08-21,193.76,0.01204583620466425
2019-08-22,193.03,-0.003774662564998233
2019-08-23,191.52,-0.00785337543012081
2019-08-26,191.48,-0.0002088772853548078
2019-08-27,192.69,0.006299315413502465
2019-08-28,192.3,-0.0020260273430766423
2019-08-29,194.31,0.010398169268201267
2019-08-30,195.74,0.00733242613473813
2019-09-02,196.37,0.003213386764465431
2019-09-03,195.92,-0.002294222118226684
2019-09-04,197.66,0.008841970304125557
2019-09-05,199.15,0.007509926679615461
2019-09-06,199.79,0.00320850528420422
2019-09-09,199.23,-0.002806878691125548
2019-09-10,199.43,0.0010033613443982594
2019-09-11,201.12,0.008438447276807128
2019-09-12,201.52,0.0019868872024175572
2019-09-13,202.19,0.003319217334854659
2019-09-16,201.03,-0.005753698726020381
2019-09-17,200.93,-0.0004975619567273834
2019-09-18,200.99,0.00029856688119884935
2019-09-19,202.23,0.006150507955796514
2019-09-20,202.83,0.0029625262372391164
2019-09-23,201.23,-0.007919657292419382
2019-09-24,201.25,9.938382039591542e-05
2019-09-25,200.09,-0.005780650970271307
2019-09-26,201.32,0.006128416579757722
2019-09-27,202.31,0.004905492581163112
2019-09-30,203.01,0.0034540644229213574
2019-10-01,200.35,-0.013189401830090207
2019-10-02,194.95,-0.027322721653547266
2019-10-03,194.97,0.00010258514576092142
2019-10-04,196.4,0.007307695345998358
2019-10-07,197.79,0.007052465872952312
2019-10-08,195.62,-0.011031859930971095
2019-10-09,196.44,0.004183039308696972
2019-10-10,197.78,0.0067982606708009395
2019-10-11,202.38,0.022991816459769186
2019-10-14,201.39,-0.004903791682844056
2019-10-15,203.62,0.011012185060279888
2019-10-16,203.33,-0.0014252367567993123
2019-10-17,203.15,-0.0008856524885146319
2019-10-18,202.51,-0.003155354390378798
2019-10-21,203.74,0.006055403118563261
2019-10-22,203.94,0.0009811617741593494
2019-10-23,204.17,0.0011271472120285085
2019-10-24,205.39,0.005957630669449038
2019-10-25,205.73,0.001654018668581934
2019-10-28,206.24,0.0024759097047381516
2019-10-29,205.92,-0.0015527953430608263
2019-10-30,206.13,0.0010192938632778514
2019-10-31,205.15,-0.004765618822899174
2019-11-01,206.54,0.00675267935506277
2019-11-04,208.61,0.009972381812937043
2019-11-05,209.04,0.0020591411561620204
2019-11-06,209.49,0.0021503843136966255
2019-11-07,210.3,0.0038590771826004975
2019-11-08,209.72,-0.0027617750043221413
2019-11-11,209.69,-0.0001430581056778065
2019-11-12,210.5,0.003855403523781997
2019-11-13,209.97,-0.0025209897528781417
2019-11-14,209.29,-0.003243813367671623
2019-11-15,210.14,0.004053125258742686
2019-11-18,210.13,-4.758845504969567e-05
2019-11-19,209.9,-0.0010951599789920565
2019-11-20,209.02,-0.0042012856602296755
2019-11-21,208.22,-0.0038347281197508125
2019-11-22,209.14,0.004408671123835813
2019-11-25,211.27,0.010133052141700698
2019-11-26,211.48,0.0009934950551061155
2019-11-27,212.17,0.0032574087577755878
2019-11-28,211.94,-0.0010846243783351093
2019-11-29,210.99,-0.004492476758653292
2019-12-02,207.7,-0.015716008105970063
2019-12-03,206.38,-0.006375601194498274
2019-12-04,208.83,0.011801394161116549
2019-12-05,208.56,-0.0012937542234385145
2019-12-06,211.01,0.011678756092719015
2019-12-09,210.51,-0.002372367785658279
2019-12-10,209.97,-0.0025684945627490073
2019-12-11,210.43,0.0021883928809741365
2019-12-12,211.14,0.003368364311016618
2019-12-13,213.44,0.010834342165710146
2019-12-16,216.41,0.01381899389827237
2019-12-17,214.98,-0.006629756080613794
2019-12-18,214.7,-0.0013032956601820656
2019-12-19,215.07,0.0017218516481553113
2019-12-20,216.8,0.008011713032600782
2019-12-23,216.73,-0.00032293036518049313
2019-12-24,217.08,0.0016136099948934662
2019-12-27,217.54,0.0021167924704999595
2019-12-30,215.69,-0.008540550031421524
2019-12-31,215.52,-0.0007884789722288167
2020-01-02,217.54,0.00932902900365034
2020-01-03,216.82,-0.003315225432558521
2020-01-06,215.98,-0.003881705428532016
2020-01-07,216.52,0.0024971111241635334
2020-01-08,216.88,0.0016612832616329327
2020-01-09,217.57,0.0031764326397010476
2020-01-10,217.31,-0.0011957322984660547
2020-01-13,216.92,-0.0017962835587851094
2020-01-14,217.55,0.0029000871938292816
2020-01-15,217.58,0.00013788982624755397
2020-01-16,218.07,0.0022495131717169847
2020-01-17,220.15,0.00949302003710907
2020-01-20,219.89,-0.0011817108910836976
2020-01-21,219.58,-0.0014107905040927865
2020-01-22,219.4,-0.0008200829654564563
2020-01-23,217.84,-0.0071356994756256896
2020-01-24,219.71,0.00854764660277467
2020-01-27,214.75,-0.02283393410391409
2020-01-28,216.56,0.008393084441681027
2020-01-29,217.52,0.0044231550181695846
2020-01-30,215.33,-0.010119065205698574
2020-01-31,213.02,-0.010785677103497026
2020-02-03,213.54,0.002438110735136547
2020-02-04,217.04,0.0162574996005201
2020-02-05,219.71,0.012226826617602684
2020-02-06,220.76,0.004767643603021573
2020-02-07,220.18,-0.0026307449290434086
2020-02-10,220.32,0.0006356413380875399
2020-02-11,222.31,0.008991769233555488
2020-02-12,223.71,0.006277766009913061
2020-02-13,223.76,0.00022347866989106112
2020-02-14,223.47,-0.0012968720374096135
2020-02-17,224.24,0.003439730000238251
2020-02-18,223.38,-0.0038425497438523463
2020-02-19,225.24,0.008292143273737333
2020-02-20,223.39,-0.008247377510585473
2020-02-21,222.31,-0.004846318661932079
2020-02-24,213.89,-0.03861094003653324
2020-02-25,210.12,-0.01778306809160619
2020-02-26,210.14,9.517917486837694e-05
2020-02-27,202.46,-0.037231639090023416
2020-02-28,195.29,-0.03605670287591477
2020-03-02,195.45,0.0008189589442727203
2020-03-03,198.3,0.014476443286786525
2020-03-04,201.0,0.01352387253332537
2020-03-05,198.24,-0.013826490178243398
2020-03-06,190.98,-0.03730970735877594
2020-03-09,176.77,-0.07731925797426462
2020-03-10,174.76,-0.011435848464556796
2020-03-11,173.48,-0.0073512851160696165
2020-03-12,153.59,-0.12177560453962846
2020-03-13,155.8,0.014286419009111031
2020-03-16,148.23,-0.049808011910879704
2020-03-17,151.6,0.02248035168250287
2020-03-18,145.65,-0.04003898980282763
2020-03-19,150.06,0.029828730712139085
2020-03-20,152.79,0.018029215447040215
2020-03-23,146.23,-0.04388370494083518
2020-03-24,158.54,0.08082620278522208
2020-03-25,163.43,0.030377836695956867
2020-03-26,167.68,0.0256726370277108
2020-03-27,162.25,-0.032919045548478
2020-03-30,164.41,0.013224952438586178
2020-03-31,167.12,0.01634880922552487
2020-04-01,162.29,-0.02932725892051978
2020-04-02,163.01,0.004426690290407707
2020-04-03,161.53,-0.009120664692531616
2020-04-06,167.39,0.035635535188861756
2020-04-07,170.56,0.01876072186295124
2020-04-08,170.61,0.00029310900933840554
2020-04-09,173.29,0.015586241665336
2020-04-14,174.4,0.006385019822725269
2020-04-15,168.74,-0.032992442737398604
2020-04-16,169.75,0.005967697701324739
2020-04-17,174.23,0.02604949899600847
2020-04-20,175.41,0.006749825420874937
2020-04-21,169.51,-0.03421416872529399
2020-04-22,172.57,0.017891029129092722
2020-04-23,174.22,0.00951591713125834
2020-04-24,172.36,-0.010733555643108664
2020-04-27,175.64,0.018851132945879333
2020-04-28,178.61,0.0167682122228756
2020-04-29,181.82,0.017812528777319803
2020-04-30,178.2,-0.02011067165700325
2020-05-01,176.81,-0.007830805346710903
2020-05-04,172.21,-0.02636104737318982
2020-05-05,175.99,0.021712512925311584
2020-05-06,175.38,-0.0034721268909101055
2020-05-07,177.46,0.011790183055982105
2020-05-08,179.08,0.009087401965573174
2020-05-11,178.41,-0.0037483609861528534
2020-05-12,178.9,0.0027427181280615135
2020-05-13,175.44,-0.019529886405040792
2020-05-14,171.69,-0.021606579020512173
2020-05-15,172.56,0.005054476991780442
2020-05-18,179.65,0.040265511478626746
2020-05-19,178.56,-0.006085834366581602
2020-05-20,180.33,0.009863826526234338
2020-05-21,179.06,-0.0070675605131705075
2020-05-22,179.02,-0.00022341376321703652
2020-05-25,181.66,0.014639276631274477
2020-05-26,183.63,0.010786055457020735
2020-05-27,184.07,0.0023932565135425556
2020-05-28,187.09,0.016273664452696547
2020-05-29,184.43,-0.014319796802612583
2020-06-01,186.46,0.01094675117383296
2020-06-02,189.42,0.015750032929407583
2020-06-03,194.26,0.025230696176229226
2020-06-04,192.85,-0.007284783319947714
2020-06-05,197.63,0.024483910998106324
2020-06-08,197.01,-0.003142106781352114
2020-06-09,194.62,-0.012205549477147944
2020-06-10,193.88,-0.0038095284166677302
2020-06-11,185.98,-0.04160026992712409
2020-06-12,186.51,0.0028457158993045843
2020-06-15,185.99,-0.0027919481223202904
2020-06-16,191.41,0.02872481543098294
2020-06-17,192.86,0.00754681282422008
2020-06-18,191.51,-0.007024510503770224
2020-06-19,192.67,0.0060388543142005655
2020-06-22,191.28,-0.007240557742599466
2020-06-23,193.79,0.01303677538808871
2020-06-24,188.4,-0.02820773639589526
2020-06-25,189.77,0.0072454504236248605
2020-06-26,189.02,-0.003959982998977432
2020-06-29,189.93,0.004802753657234887
2020-06-30,190.16,0.001210239827793619
2020-07-01,190.65,0.0025734632516343785
2020-07-02,194.44,0.0196843458736819
2020-07-03,192.95,-0.007692544193627009
2020-07-06,196.0,0.01568357124688959
2020-07-07,194.88,-0.005730674708985095
2020-07-08,193.61,-0.006538158120458251
2020-07-09,192.16,-0.0075174680694006105
2020-07-10,193.85,0.008756305785264649
2020-07-13,195.79,0.00995799215224342
2020-07-14,194.19,-0.00820559504365308
2020-07-15,197.62,0.017508933541288168
2020-07-16,196.7,-0.004666269371803452
2020-07-17,197.0,0.0015240033429751948
2020-07-20,198.51,0.007635747954089344
2020-07-21,199.14,0.0031686182678604038
2020-07-22,197.42,-0.00867465597019638
2020-07-23,197.56,0.000708896682682147
2020-07-24,194.19,-0.017205274446895596
2020-07-27,193.59,-0.0030945406096704203
2020-07-28,194.4,0.004175371410480592
2020-07-29,194.28,-0.000617474548794676
2020-07-30,190.1,-0.021750167983160602
2020-07-31,188.41,-0.008929810204474276
2020-08-03,192.28,0.020332203735850842
2020-08-04,192.15,-0.0006763260149069927
2020-08-05,193.09,0.004880084443594347
2020-08-06,191.75,-0.00696396120708174
2020-08-07,192.33,0.0030202064199100704
2020-08-10,192.93,0.003114782147605786
2020-08-11,196.17,0.01665420142641268
2020-08-12,198.34,0.011001099516684923
2020-08-13,197.25,-0.005510770031995461
2020-08-14,194.91,-0.011934046165434373
2020-08-17,195.53,0.003175906777634209
2020-08-18,194.44,-0.005590188160928795
2020-08-19,195.7,0.006459242224775824
2020-08-20,193.68,-0.010375561772227409
2020-08-21,193.39,-0.0014984372555960244
2020-08-24,196.45,0.015699070630261734
2020-08-25,195.86,-0.0030078277118201937
2020-08-26,197.65,0.009097671450046045
2020-08-27,196.38,-0.0064462320015504105
2020-08-28,195.4,-0.005002818132461749
2020-08-31,194.2,-0.006160183751457958
2020-09-01,193.53,-0.003456016644964466
2020-09-02,196.75,0.01650134808525271
2020-09-03,194.03,-0.013921101014331501
2020-09-04,191.83,-0.01140322313493465
2020-09-07,195.04,0.016595102584714787
2020-09-08,192.8,-0.011551283556516
2020-09-09,195.95,0.01620614246919517
2020-09-10,194.8,-0.00588613343720559
2020-09-11,195.05,0.0012825447442306925
2020-09-14,195.35,0.0015368855484139995
2020-09-15,196.65,0.0066326773767390245
2020-09-16,197.81,0.005881475150165961
2020-09-17,196.8,-0.005118989409831355
2020-09-18,195.51,-0.006576455605754496
2020-09-21,189.18,-0.03291258622737411
2020-09-22,189.57,0.002059406668449148
2020-09-23,190.62,0.005523568056006319
2020-09-24,188.67,-0.010282460285958212
2020-09-25,188.54,-0.0006892712555174289
2020-09-28,192.72,0.02192817233861179
2020-09-29,191.71,-0.005254544774657804
2020-09-30,191.5,-0.0010960049112574493
2020-10-01,191.95,0.002347112826105923
2020-10-02,192.42,0.0024455614863117666
2020-10-05,193.99,0.008126128409896126
2020-10-06,194.13,0.000721426394269568
2020-10-07,193.9,-0.0011854754886782496
2020-10-08,195.43,0.007859696793379275
2020-10-09,196.51,0.005511061557690233
2020-10-12,197.91,0.007099061303213455
2020-10-13,196.83,-0.005471969877993268
2020-10-14,196.65,-0.0009149131470773596
2020-10-15,192.58,-0.020913847065680575
2020-10-16,195.0,0.012487906751608827
2020-10-19,194.65,-0.0017964845072820825
2020-10-20,193.96,-0.0035511218193131984
2020-10-21,191.45,-0.013025274313848102
2020-10-22,191.2,-0.001306677306002604
2020-10-23,192.39,0.0062045612115803565
2020-10-26,188.92,-0.018200916800964924
2020-10-27,187.13,-0.009520082538219152
2020-10-28,181.61,-0.029942031759289833
2020-10-29,181.43,-0.0009916263483354434
2020-10-30,181.75,0.0017622120315568658
2020-11-02,184.69,0.01604662747419115
2020-11-03,189.02,0.023174085679090177
2020-11-04,192.91,0.020370929332887856
2020-11-05,194.96,0.010570650417152902
2020-11-06,194.57,-0.0020024138336661584
2020-11-09,202.33,0.039108032307818626
2020-11-10,204.15,0.008954989974481475
2020-11-11,206.35,0.010718738433005932
2020-11-12,204.6,-0.008516902681064668
2020-11-13,204.61,4.887466094194641e-05
2020-11-16,207.03,0.011757982122152165
2020-11-17,206.55,-0.002321196457846594
2020-11-18,207.46,0.004396036160908355
2020-11-19,205.91,-0.007499369883626745
2020-11-20,206.97,0.005134675106071687
2020-11-23,206.57,-0.0019345172159657001
2020-11-24,208.49,0.00925174044780368
2020-11-25,208.33,-0.0007677175176744563
2020-11-26,208.13,-0.0009604764701304375
2020-11-27,208.99,0.004123519459999991
2020-11-30,206.93,-0.009905832106422499
2020-12-01,208.3,0.006598776443188834
2020-12-02,208.2,-0.00048019208605795433
2020-12-03,208.24,0.00019210450544150377
2020-12-04,209.48,0.005937008724976888
2020-12-07,208.86,-0.0029640983598842492
2020-12-08,209.28,0.002008897217431367
2020-12-09,209.97,0.003291595100724087
2020-12-10,209.05,-0.004391205566983879
2020-12-11,207.46,-0.007634907798892035
2020-12-14,208.38,0.004424785980355636
2020-12-15,208.91,0.0025402012269203295
2020-12-16,210.63,0.008199502486309128
2020-12-17,211.35,0.0034124873155316608
2020-12-18,210.62,-0.0034599650603478003
2020-12-21,205.72,-0.02353954104573575
2020-12-22,208.15,0.011742952734269091
2020-12-23,210.41,0.010799034610236355
2020-12-24,210.67,0.0012349198871579273
2020-12-28,212.06,0.006576325359273409
2020-12-29,213.67,0.007563515257244555
2020-12-30,212.95,-0.0033753723856743112
2020-12-31,212.31,-0.0030099256134193345
2021-01-04,213.76,0.006806419592477862
2021-01-05,213.36,-0.0018730104745219441
2021-01-06,216.28,0.01359298464004527
2021-01-07,217.39,0.005119110955283431
2021-01-08,218.82,0.006556498579556256
2021-01-11,217.35,-0.006740516613842743
2021-01-12,217.48,0.0005979348429187264
2021-01-13,217.72,0.0011029412882794056
2021-01-14,219.3,0.007230821857843181
2021-01-15,217.09,-0.010128641323178571
2021-01-18,217.57,0.002208623729447019
2021-01-19,217.17,-0.0018401808569513678
2021-01-20,218.72,0.007111916002479754
2021-01-21,218.75,0.0001371522620842975
2021-01-22,217.5,-0.005730674708984983
2021-01-25,215.69,-0.0083566588944561
2021-01-26,217.05,0.006285550111319929
2021-01-27,214.54,-0.011631540576319483
2021-01-28,214.76,0.0010249243850855867
2021-01-29,210.75,-0.018848528672403865
2021-02-01,213.37,0.01235515103482743
2021-02-02,216.11,0.01275978939814323
2021-02-03,216.83,0.003326099061190762
2021-02-04,218.1,0.005840036831456934
2021-02-05,218.1,0.0
2021-02-08,218.76,0.003021565270988651
2021-02-09,218.57,-0.0008689091164759654
2021-02-10,218.07,-0.002290217197442231
2021-02-11,219.07,0.004575201282754366
2021-02-12,220.48,0.0064156743778855645
2021-02-15,223.4,0.013156898809806576
2021-02-16,223.27,-0.0005820852247546366
2021-02-17,221.63,-0.00737247663876326
2021-02-18,219.89,-0.007881903460903197
2021-02-19,221.06,0.005306736572130254
2021-02-22,220.09,-0.004397604276228627
2021-02-23,219.16,-0.004234496936365729
2021-02-24,220.19,0.0046887533264791635
2021-02-25,219.51,-0.003093020432645827
2021-02-26,215.92,-0.016489820854299085
2021-03-01,219.89,0.01821945260093
2021-03-02,220.32,0.0019536136696656093
2021-03-03,220.44,0.0005445140346898021
2021-03-04,219.93,-0.002316235111429664
2021-03-05,218.2,-0.007897240504634513
2021-03-08,222.78,0.020772664018073244
2021-03-09,224.47,0.007557330546410285
2021-03-10,225.37,0.004001428067120133
2021-03-11,226.56,0.005266314474780784
2021-03-12,225.98,-0.002563310724254766
2021-03-15,225.98,0.0
2021-03-16,227.99,0.008855268562355351
2021-03-17,226.97,-0.0044839181860771736
2021-03-18,228.06,0.004790902071834116
2021-03-19,226.33,-0.007614640987577874
2021-03-22,226.78,0.0019862733020593708
2021-03-23,226.32,-0.0020304575503820627
2021-03-24,226.37,0.00022090172172272492
2021-03-25,226.34,-0.0001325351772388996
2021-03-26,228.47,0.009366617148596016
2021-03-29,228.88,0.0017929380554632408
2021-03-30,230.51,0.007096396701731405
2021-03-31,230.0,-0.0022149365203908557
2021-04-01,231.47,0.006370966572802058
2021-04-06,233.16,0.007274637681351551
2021-04-07,232.66,-0.00214675278872874
2021-04-08,234.06,0.005999332357999813
2021-04-09,234.34,0.0011955594933894859
2021-04-12,233.28,-0.004533603419716203
2021-04-13,233.59,0.0013279929983025897
2021-04-14,234.04,0.001924599101439277
2021-04-15,235.16,0.004774092614018868
2021-04-16,237.32,0.009143307856388234
2021-04-19,237.38,0.000252791237916709
2021-04-20,232.98,-0.018709619656728176
2021-04-21,234.51,0.006545617928717793
2021-04-22,236.18,0.007095995272786787
2021-04-23,235.88,-0.0012710250408321895
2021-04-26,236.54,0.0027941256906673325
2021-04-27,236.4,-0.0005920412910276354
2021-04-28,236.52,0.0005074854206859363
2021-04-29,236.01,-0.0021585939433683638
2021-04-30,235.36,-0.002757920156133293
2021-05-03,236.75,0.005888475213060268
2021-05-04,233.44,-0.01407964729171217
2021-05-05,237.78,0.018420791655923162
2021-05-06,237.69,-0.00037857278513842187
2021-05-07,239.95,0.009463264658994195
2021-05-10,240.32,0.0015408002715153373
2021-05-11,235.58,-0.01992081004513141
2021-05-12,236.3,0.0030516256622237273
2021-05-13,236.08,-0.000931453558178158
2021-05-14,238.9,0.011874323697079933
2021-05-17,238.84,-0.00025118265297222335
2021-05-18,239.28,0.0018405426429008325
2021-05-19,235.67,-0.015201892921688805
2021-05-20,238.83,0.013319480368592781
2021-05-21,240.22,0.005803168357747651
2021-05-24,240.71,0.002037719292006106
2021-05-25,240.81,0.0004153513932448544
2021-05-26,240.84,0.00012457178465180948
2021-05-27,241.52,0.002819472802336205
2021-05-28,242.93,0.005821050599408817
2021-05-31,241.74,-0.004910567566681224
2021-06-01,243.57,0.007541607111153798
2021-06-02,244.29,0.0029516686046848514
2021-06-03,244.05,-0.0009829218139930168
2021-06-04,245.01,0.003925903705137445
2021-06-07,245.57,0.002283012936660953
2021-06-08,245.81,0.00097684081193513
2021-06-09,246.05,0.0009758875250970784
2021-06-10,246.14,0.0003657124322033906
2021-06-11,247.74,0.006479329381863256
2021-06-14,248.18,0.0017744802204195597
2021-06-15,248.47,0.0011678245563630266
2021-06-16,249.04,0.0022914122305161093
2021-06-17,248.77,-0.0010847513166686315
2021-06-18,244.83,-0.01596468266742284
2021-06-21,246.59,0.0071629462583429225
2021-06-22,247.24,0.002632486383468597
2021-06-23,245.46,-0.007225523621710397
2021-06-24,247.68,0.009003589232
2021-06-25,248.0,0.0012911557636198078
2021-06-28,246.55,-0.005863933494846957
2021-06-29,247.33,0.003158664649369976
2021-06-30,245.43,-0.0077117031257886385
2021-07-01,246.97,0.0062550975678237735
2021-07-02,247.61,0.0025880559554711147
2021-07-05,248.47,0.003467186185825086
2021-07-06,247.19,-0.005164842211982201
2021-07-07,249.13,0.007817576886560252
2021-07-08,244.91,-0.01708405245987818
2021-07-09,248.2,0.013344076652970351
2021-07-12,249.92,0.006905993880814249
2021-07-13,249.98,0.00024004801075456868
2021-07-14,249.77,-0.0008404202595711167
2021-07-15,247.4,-0.009534034444117047
2021-07-16,246.61,-0.0031983185499278853
2021-07-19,240.98,-0.023094198913329294
2021-07-20,242.24,0.005215027753953607
2021-07-21,246.24,0.016377699841485106
2021-07-22,247.64,0.0056694085604623015
2021-07-23,250.36,0.010923803405469548
2021-07-26,250.17,-0.0007591952894971233
2021-07-27,248.82,-0.005410943280658738
2021-07-28,250.47,0.006609409387673807
2021-07-29,251.65,0.004700080348350222
2021-07-30,250.52,-0.004500475565156824
2021-08-02,251.99,0.005850646527155934
2021-08-03,252.5,0.002021844531046541
2021-08-04,254.04,0.006080486219359588
2021-08-05,255.06,0.004007076663979617
2021-08-06,255.06,0.0
2021-08-09,255.45,0.0015278841780531714
2021-08-10,256.34,0.0034779925248709723
2021-08-11,257.43,0.004243150185461428
2021-08-12,257.91,0.0018628483673231522
2021-08-13,258.46,0.002130256242582713
2021-08-16,257.19,-0.004925831738271026
2021-08-17,257.37,0.0006996268942094176
2021-08-18,257.72,0.0013589860174581371
2021-08-19,253.95,-0.014736327023187806
2021-08-20,254.81,0.0033807721484496434
2021-08-23,256.47,0.0064935293105483115
2021-08-24,256.43,-0.00015597582406364662
2021-08-25,256.46,0.00011698414878123175
2021-08-26,255.69,-0.003006933828653759
2021-08-27,256.78,0.004253913960621638
2021-08-30,256.96,0.0007007435954592325
2021-08-31,255.99,-0.0037820495417935605
2021-09-01,257.21,0.004754490639877454
2021-09-02,258.13,0.0035704621312600735
2021-09-03,256.68,-0.005633161105426112
2021-09-06,258.45,0.006872078759733609
2021-09-07,257.19,-0.004887140283273987
2021-09-08,254.47,-0.010632160508911331
2021-09-09,254.33,-0.0005503144792971003
2021-09-10,253.66,-0.0026378487312822755
2021-09-13,254.39,0.002873734877996243
2021-09-14,254.39,0.0
2021-09-15,252.35,-0.00805150973100848
2021-09-16,253.46,0.004389006867646799
2021-09-17,251.23,-0.008837165439088955
2021-09-20,247.05,-0.01677810892307015
2021-09-21,249.6,0.010268891203513542
2021-09-22,252.07,0.009847190220824675
2021-09-23,254.42,0.00927961801196769
2021-09-24,252.13,-0.009041617217508206
2021-09-27,251.66,-0.0018658573467347783
2021-09-28,246.22,-0.02185352494435293
2021-09-29,247.68,0.005912145181893396
2021-09-30,247.62,-0.00024227740881690115
2021-10-01,246.59,-0.004168274584941331
2021-10-04,245.55,-0.004226445922350448
2021-10-05,248.41,0.011580014412706006
2021-10-06,245.86,-0.010318338658764544
2021-10-07,249.83,0.016018418318187306
2021-10-08,249.14,-0.002765699099435732
2021-10-11,249.28,0.0005617752244369812
2021-10-12,249.1,-0.0007223404142487563
2021-10-13,250.83,0.006920996561941614
2021-10-14,253.86,0.01200751512995483
2021-10-15,255.75,0.007417470871704766
2021-10-18,254.53,-0.004781697595712242
2021-10-19,255.37,0.003294766659674332
2021-10-20,256.18,0.0031668485072920242
2021-10-21,256.0,-0.0007028779234276065
2021-10-22,257.19,0.004637666879211778
2021-10-25,257.38,0.0007384807067444204
2021-10-26,259.3,0.007432100479100046
2021-10-27,258.38,-0.0035543230124635765
2021-10-28,259.03,0.002512515575422705
2021-10-29,259.26,0.0008875340643189042
2021-11-01,261.09,0.007033756297635086
2021-11-02,261.48,0.0014926232749969109
2021-11-03,262.4,0.003512258325405003
2021-11-04,263.52,0.00425920935939633
2021-11-05,263.65,0.0004931995471485121
2021-11-08,263.74,0.0003413034030744615
2021-11-09,263.25,-0.0018596183654681975
2021-11-10,263.82,0.0021629014066887583
2021-11-11,264.71,0.003367834715990483
2021-11-12,265.52,0.003055280274954956
2021-11-15,266.47,0.0035714995011892807
2021-11-16,266.93,0.0017247848295356331
2021-11-17,267.31,0.0014225818511720346
2021-11-18,266.11,-0.004499276458881113
2021-11-19,265.23,-0.0033123830489121425
2021-11-22,264.97,-0.000980762055228382
2021-11-23,261.58,-0.012876447969588235
2021-11-24,261.81,0.000878885782323396
2021-11-25,262.98,0.004458933815443297
2021-11-26,253.33,-0.037384997027808495
2021-11-29,255.08,0.006884234816106452
2021-11-30,252.77,-0.009097237102391194
2021-12-01,257.1,0.016985129927164104
2021-12-02,254.18,-0.011422436817919457
2021-12-03,252.73,-0.005720952258932077
2021-12-06,255.98,0.012777591232653304
2021-12-07,262.24,0.024160798567873974
2021-12-08,260.7,-0.0058897940560635985
2021-12-09,260.5,-0.0007674597460344376
2021-12-10,259.72,-0.0029987335531354528
2021-12-13,258.63,-0.004205658750342745
2021-12-14,256.46,-0.008425761858973596
2021-12-15,257.12,0.0025701949582327046
2021-12-16,260.3,0.012291910011317221
2021-12-17,258.85,-0.005586068652609304
2021-12-20,255.27,-0.013926934818334787
2021-12-21,258.9,0.01412007822791618
2021-12-22,261.29,0.009189014849228839
2021-12-23,263.86,0.009787757848909855
2021-12-24,263.59,-0.0010237938139482697
2021-12-27,265.21,0.0061270993497677785
2021-12-28,266.86,0.006202211322824447
2021-12-29,266.58,-0.0010497901384025677
2021-12-30,266.98,0.0014993630517143991
2021-12-31,266.49,-0.0018370297778670568
2022-01-03,267.73,0.004642290542928193
2022-01-04,269.93,0.008183656132976369
2022-01-05,270.11,0.0006666173122942765
2022-01-06,266.74,-0.012554882243669588
2022-01-07,265.71,-0.00386891270464722
2022-01-10,261.79,-0.014862832840349886
2022-01-11,264.0,0.008406447497064836
2022-01-12,265.7,0.006418749619451574
2022-01-13,265.65,-0.0001881998688156117
2022-01-14,262.98,-0.010101669238179244
2022-01-17,264.81,0.0069346040414783325
2022-01-18,262.22,-0.00982874162899528
2022-01-19,262.83,0.002323589275126228
2022-01-20,264.18,0.0051232536493354365
2022-01-21,259.31,-0.018606431826424158
2022-01-24,249.47,-0.03868558968814805
2022-01-25,251.24,0.007069990105034748
2022-01-26,255.46,0.016657184028450837
2022-01-27,257.11,0.006438167272258529
2022-01-28,254.5,-0.010203172896311877
2022-01-31,256.32,0.007125827889417021
2022-02-01,259.59,0.012676799406762689
2022-02-02,260.76,0.004496980769581496
2022-02-03,256.18,-0.01772012165334849
2022-02-04,252.64,-0.013914771895658155
2022-02-07,254.35,0.006745720761442107
2022-02-08,254.38,0.00011794075456451439
2022-02-09,258.75,0.017033132556240456
2022-02-10,258.22,-0.002050409833006185
2022-02-11,256.77,-0.005631192184944725
2022-02-14,252.07,-0.01847391584553082
2022-02-15,255.67,0.014180723707705754
2022-02-16,255.79,0.00046924491534786706
2022-02-17,254.12,-0.00655019894081833
2022-02-18,252.08,-0.00806009894931331
2022-02-21,248.8,-0.013097136583994782
2022-02-22,248.97,0.0006830464134418108
2022-02-23,248.28,-0.0027752657330143487
2022-02-24,240.28,-0.03275223156349135
2022-02-25,248.25,0.03263139294332121
2022-02-28,248.02,-0.0009269148506556909
2022-03-01,242.15,-0.023952019225388133
2022-03-02,244.34,0.009003329126675542
2022-03-03,239.45,-0.020216071187295532
2022-03-04,230.92,-0.036273296595885504
2022-03-07,228.38,-0.011060421919230809
2022-03-08,227.4,-0.004300326957066283
2022-03-09,238.05,0.04577015432409223
2022-03-10,234.25,-0.01609181452199627
2022-03-11,236.48,0.0094747166413054
2022-03-14,239.32,0.011937930761994068
2022-03-15,238.66,-0.0027616235803213387
2022-03-16,246.02,0.03037288849912936
2022-03-17,247.37,0.005472358049422906
2022-03-18,249.63,0.009094630090386352
2022-03-21,249.74,0.00044055510655084337
2022-03-22,251.9,0.008611806671565527
2022-03-23,249.4,-0.009974150112628394
2022-03-24,248.95,-0.0018059601577444233
2022-03-25,249.34,0.0015653538286372396
2022-03-28,249.73,0.0015629073251730618
2022-03-29,254.1,0.017347556084116457
2022-03-30,253.09,-0.003982733630652709
2022-03-31,250.78,-0.009169095933073884
2022-04-01,252.17,0.00552740248119618
2022-04-04,254.29,0.008371884777787929
2022-04-05,254.79,0.0019643284386516914
2022-04-06,250.92,-0.015305513231485159
2022-04-07,250.55,-0.0014756618228088168
2022-04-08,253.96,0.013518272896515504
2022-04-11,252.68,-0.005052908271749528
2022-04-12,251.84,-0.0033299008014613
2022-04-13,251.91,0.0002779156345430993
2022-04-14,253.63,0.006804631232975064
2022-04-19,251.9,-0.006844328737992034
2022-04-20,254.01,0.008341452963730895
2022-04-21,254.91,0.0035369053612641886
2022-04-22,250.38,-0.017930777852043465
2022-04-25,245.93,-0.017932821237524533
2022-04-26,243.83,-0.00857568143535129
2022-04-27,245.73,0.007762111036979982
2022-04-28,247.38,0.006692243751243279
2022-04-29,249.3,0.007731374582648533
2022-05-02,245.95,-0.013528727288163438
2022-05-03,247.37,0.0057569282487129735
2022-05-04,244.71,-0.010811355509462984
2022-05-05,243.14,-0.006436426852950876
2022-05-06,238.69,-0.01847177025070514
2022-05-09,231.86,-0.029031897634687356
2022-05-10,233.49,0.007005508397151128
2022-05-11,237.58,0.017365159221987093
2022-05-12,235.94,-0.00692687344769726
2022-05-13,241.09,0.021592772347512
2022-05-16,241.28,0.0007877770583828036
2022-05-17,244.3,0.012438893444103493
2022-05-18,241.51,-0.011486098160854729
2022-05-19,238.43,-0.012835113902524366
2022-05-20,240.19,0.007354510605577169
2022-05-23,243.5,0.013686665716751471
2022-05-24,240.73,-0.011440969023156371
2022-05-25,242.3,0.006500654322991979
2022-05-26,244.22,0.007892830582395628
2022-05-27,247.71,0.014189248692571233
2022-05-30,249.27,0.006277939247552856
2022-05-31,247.48,-0.0072068756822116576
2022-06-01,245.01,-0.010030744624494065
2022-06-02,246.44,0.00581953010807597
2022-06-03,245.8,-0.0026003590144354186
2022-06-06,248.08,0.009233077660259107
2022-06-07,247.42,-0.002663977357508078
2022-06-08,246.02,-0.005674463994046483
2022-06-09,242.71,-0.013545518425470944
2022-06-10,236.19,-0.027230749150682455
2022-06-13,230.5,-0.024385703427782335
2022-06-14,227.6,-0.012661160184527396
2022-06-15,230.83,0.01409180660373111
2022-06-16,225.15,-0.024914662108326196
2022-06-17,225.36,0.0009322768205366059
2022-06-20,227.56,0.00971481631432954
2022-06-21,228.41,0.003728319778095959
2022-06-22,226.83,-0.006941421422254278
2022-06-23,224.98,-0.008189328873608447
2022-06-24,230.86,0.02579995682208643
2022-06-27,232.07,0.005227584107901112
2022-06-28,232.69,0.0026680453041885966
2022-06-29,231.16,-0.006596984149278701
2022-06-30,227.69,-0.015125056779503859
2022-07-01,227.66,-0.00013176677300277736
2022-07-04,228.9,0.0054319390614505705
2022-07-05,224.12,-0.021103604261437228
2022-07-06,227.85,0.01650589501280765
2022-07-07,232.19,0.018868484304382736
2022-07-08,233.42,0.005283403969933278
2022-07-11,232.24,-0.005068086267833098
2022-07-12,233.37,0.004853857170417975
2022-07-13,231.0,-0.010207466364998866
2022-07-14,227.48,-0.01535538808319465
2022-07-15,231.55,0.01773351048816219
2022-07-18,233.75,0.009456335242035444
2022-07-19,236.98,0.013723581219797438
2022-07-20,236.48,-0.0021121116287569144
2022-07-21,237.53,0.0044302935271650565
2022-07-22,238.28,0.0031525214734847316
2022-07-25,238.58,0.001258231093313143
2022-07-26,238.52,-0.00025151959889466326
2022-07-27,239.64,0.004684632960818908
2022-07-28,242.26,0.010873732372932036
2022-07-29,245.36,0.012714990217340023
2022-08-01,244.9,-0.0018765558478740247
2022-08-02,244.12,-0.0031900562818278477
2022-08-03,245.37,0.005107367738698207
2022-08-04,245.91,0.0021983399180565792
2022-08-05,244.04,-0.00763346904939733
2022-08-08,245.85,0.0073894475742966445
2022-08-09,244.2,-0.006734032181344068
2022-08-10,246.39,0.008928084743606313
2022-08-11,246.76,0.0015005579212273355
2022-08-12,247.19,0.001741067349416501
2022-08-15,248.03,0.003392434900056049
2022-08-16,248.44,0.00165166110019194
2022-08-17,246.18,-0.009138392008952454
2022-08-18,247.3,0.004539198845220853
2022-08-19,245.4,-0.007712642250559477
2022-08-22,243.04,-0.009663493429348392
2022-08-23,242.03,-0.004164353431893928
2022-08-24,242.42,0.0016100736267970403
2022-08-25,243.21,0.0032535086253595706
2022-08-26,239.13,-0.01691793055978403
2022-08-29,237.21,-0.008061512356996092
2022-08-30,235.61,-0.006767929052537861
2022-08-31,232.99,-0.011182361508665776
2022-09-01,228.86,-0.017885071300173028
2022-09-02,233.53,0.020200085623966434
2022-09-05,232.08,-0.0062284087003866605
2022-09-06,232.63,0.0023670687388040214
2022-09-07,231.3,-0.005733639314558973
2022-09-08,232.49,0.005131644112340369
2022-09-09,236.01,0.015026963659526786
2022-09-12,240.16,0.017431190875890932
2022-09-13,236.44,-0.015610891928983036
2022-09-14,234.41,-0.008622757047272419
2022-09-15,232.88,-0.00654841947152852
2022-09-16,229.21,-0.01588468553109271
2022-09-19,229.01,-0.0008729431831894031
2022-09-20,226.52,-0.01093242947748139
2022-09-21,228.63,0.009271735100531475
2022-09-22,224.54,-0.018051111315502348
2022-09-23,219.29,-0.023658810281688845
2022-09-26,218.37,-0.004204182950668367
2022-09-27,218.08,-0.001328903850053752
2022-09-28,218.75,0.003067557289501321
2022-09-29,215.15,-0.016594065953115147
2022-09-30,217.94,0.01288433626413134
2022-10-03,219.61,0.007633450390461618
2022-10-04,226.47,0.03075923988044152
2022-10-05,224.16,-0.01025240323094631
2022-10-06,222.74,-0.006354910623742676
2022-10-07,220.13,-0.011786891039714312
2022-10-10,219.27,-0.0039144337648298645
2022-10-11,218.05,-0.005579452871634567
2022-10-12,216.88,-0.005380189098365408
2022-10-13,218.74,0.008539604716669674
2022-10-14,219.96,0.005561901732534148
2022-10-17,223.99,0.01815569636176114
2022-10-18,224.75,0.0033872653503545457
2022-10-19,223.56,-0.005308838950232279
2022-10-20,224.17,0.0027248581843071604
2022-10-21,222.78,-0.006219955168760844
2022-10-24,225.91,0.013951952452087099
2022-10-25,229.15,0.014240121086002092
2022-10-26,230.69,0.006698006947860841
2022-10-27,230.64,-0.00021676457284718542
2022-10-28,230.96,0.0013864820245330454
2022-10-31,231.8,0.0036303955509717476
2022-11-01,233.16,0.00584998227169768
2022-11-02,232.47,-0.0029637287333805174
2022-11-03,230.33,-0.009248121229154442
2022-11-04,234.51,0.01798516768553456
2022-11-07,235.28,0.0032780633453908673
2022-11-08,237.12,0.007790047861982394
2022-11-09,236.4,-0.0030410565757789344
2022-11-10,242.99,0.027495004698453143
2022-11-11,243.2,0.0008638598616154345
2022-11-14,243.54,0.0013970499868495056
2022-11-15,244.45,0.0037295889457931797
2022-11-16,242.05,-0.009866472638951131
2022-11-17,241.09,-0.003974008624494895
2022-11-18,243.88,0.011505993278406745
2022-11-21,243.8,-0.00032808399244411556
2022-11-22,245.58,0.00727454268519543
2022-11-23,247.04,0.005927507104044706
2022-11-24,248.26,0.004926317251390383
2022-11-25,248.21,-0.0002014220402805433
2022-11-28,246.59,-0.006548123639917181
2022-11-29,246.27,-0.0012985433793195565
2022-11-30,247.82,0.006274181160062213
2022-12-01,250.1,0.009158161695226529
2022-12-02,249.72,-0.0015205476900299554
2022-12-05,248.72,-0.004012524443045016
2022-12-06,247.28,-0.005806467926637449
2022-12-07,245.75,-0.006206538796584933
2022-12-08,245.35,-0.0016289964913635902
2022-12-09,247.41,0.00836111697746131
2022-12-12,246.2,-0.00490266576302063
2022-12-13,249.39,0.01287372246075339
2022-12-14,249.34,-0.00020050929427742627
2022-12-15,242.25,-0.02884717614595335
2022-12-16,239.34,-0.012085115625505297
2022-12-19,239.97,0.002628780383470013
2022-12-20,239.03,-0.003924848462131414
2022-12-21,243.12,0.016966081541828815
2022-12-22,240.8,-0.009588435173871647
2022-12-23,240.91,0.000456706325017112
2022-12-27,241.22,0.0012859603954138155
2022-12-28,240.92,-0.0012444519795765377
2022-12-29,242.56,0.0067841742784866665
2022-12-30,239.48,-0.012779196396855545
2023-01-02,241.81,0.009682387761354326
2023-01-03,244.76,0.012125844775834187
2023-01-04,248.15,0.013755263439110014
2023-01-05,247.67,-0.0019361871241693363
2023-01-06,250.57,0.011641107697006322
2023-01-09,252.81,0.008899895846084764
2023-01-10,251.32,-0.005911190917625394
2023-01-11,252.28,0.0038125542607042127
2023-01-12,253.88,0.006322132642818801
2023-01-13,255.19,0.005146651311637043
2023-01-16,256.38,0.004652353134082174
2023-01-17,257.41,0.00400942556224464
2023-01-18,258.01,0.002328199414169334
2023-01-19,254.03,-0.015545973580110194
2023-01-20,254.98,0.0037327404296839204
2023-01-23,256.36,0.005397595926050035
2023-01-24,255.74,-0.002421403253003903
2023-01-25,255.0,-0.002897758224596061
2023-01-26,256.08,0.004226350503181306
2023-01-27,256.75,0.002612953147060145
2023-01-30,256.32,-0.001676184928673244
2023-01-31,255.65,-0.0026173423539861524
2023-02-01,255.58,-0.00027384934545101
2023-02-02,259.03,0.013408412927020583
2023-02-03,259.91,0.0033915321367243173
2023-02-06,257.89,-0.007802279827645201
2023-02-07,258.48,0.002285184099585917
2023-02-08,259.19,0.0027430619707262617
2023-02-09,260.8,0.006192446565528869
2023-02-10,258.39,-0.00928375858330602
2023-02-13,260.72,0.00897696306011427
2023-02-14,260.93,0.0008051375878243664
2023-02-15,262.04,0.0042449917465452
2023-02-16,262.64,0.002287109329661427
2023-02-17,262.12,-0.001981859022041042
2023-02-20,262.31,0.0007245962599893209
2023-02-21,261.82,-0.0018697656793326284
2023-02-22,260.95,-0.003328426662530787
2023-02-23,261.26,0.0011872619689949388
2023-02-24,258.55,-0.010426981216186623
2023-02-27,261.3,0.010580073684336373
2023-02-28,260.48,-0.00314308971239125
2023-03-01,258.56,-0.0073983074814449245
2023-03-02,260.02,0.00563077580129194
2023-03-03,262.42,0.00918772254354722
2023-03-06,262.38,-0.00015243902468547776
2023-03-07,260.35,-0.007766955043976001
2023-03-08,260.58,0.0008830361658772306
2023-03-09,260.27,-0.001190362048977054
2023-03-10,256.75,-0.013616704917140792
2023-03-13,250.55,-0.024444347402933903
2023-03-14,254.39,0.015210021111546177
2023-03-15,246.97,-0.029601650755739346
2023-03-16,250.17,0.012873815005463219
2023-03-17,247.17,-0.012064327771395362
2023-03-20,249.62,0.00986340249469944
2023-03-21,252.95,0.013252079247637383
2023-03-22,253.38,0.0016984974359621826
2023-03-23,252.93,-0.001777567571213166
2023-03-24,249.61,-0.013213070807401923
2023-03-27,252.28,0.010639882000158496
2023-03-28,252.14,-0.0005550929923271517
2023-03-29,255.45,0.013042206973683673
2023-03-30,258.22,0.01078523896976581
2023-03-31,259.96,0.006715838279575292
2023-04-03,259.94,-7.693787270571154e-05
2023-04-04,259.73,-0.0008082052511436071
2023-04-05,259.37,-0.00138701621157554
2023-04-06,260.85,0.005689915777678676
2023-04-11,262.48,0.006229359184444385
2023-04-12,262.95,0.0017890113825069715
2023-04-13,264.06,0.004212450015702003
2023-04-14,265.69,0.006153865574378286
2023-04-17,265.66,-0.00011291992107594869
2023-04-18,266.69,0.0038696394675586283
2023-04-19,266.43,-0.0009753902333934219
2023-04-20,266.08,-0.001314529493904998
2023-04-21,267.01,0.0034890954377996223
2023-04-24,267.4,0.0014595537854255795
2023-04-25,266.49,-0.003408945218123381
2023-04-26,264.39,-0.007911433670040617
2023-04-27,264.98,0.0022290656602983313
2023-04-28,266.71,0.0065075743581454746
2023-05-01,266.85,0.0005247769818313336
2023-05-02,263.64,-0.012102166595434883
2023-05-03,264.54,0.003407932413382289
2023-05-04,263.49,-0.00397705200076554
2023-05-05,266.55,0.011546426671634372
2023-05-08,267.63,0.004043586325031618
2023-05-09,266.93,-0.0026189778513577167
2023-05-10,265.92,-0.0037909400753605837
2023-05-11,266.15,0.0008645479516828901
2023-05-12,267.38,0.004610807936210121
2023-05-15,268.14,0.0028383646184385537
2023-05-16,267.03,-0.004148220534465411
2023-05-17,266.67,-0.0013490727172564413
2023-05-18,267.91,0.004639164293176871
2023-05-19,269.71,0.006696204478509414
2023-05-22,270.04,0.0012227884802903212
2023-05-23,268.43,-0.005979923849902981
2023-05-24,263.57,-0.01827118497334168
2023-05-25,262.76,-0.003077919326153
2023-05-26,265.8,0.011503078254872868
2023-05-29,265.51,-0.0010916415230241866
2023-05-30,263.29,-0.008396418466170974
2023-05-31,260.49,-0.010691613549286336
2023-06-01,262.58,0.007991324765300623
2023-06-02,266.58,0.015118588669907854
2023-06-05,265.32,-0.004737741518516835
2023-06-06,266.37,0.003949675054989895
2023-06-07,265.86,-0.0019164652728919315
2023-06-08,265.87,3.761307430898995e-05
2023-06-09,265.48,-0.0014679592360378952
2023-06-12,265.92,0.001656003389359112
2023-06-13,267.43,0.005662338181214776
2023-06-14,268.41,0.003657812379316155
2023-06-15,268.07,-0.001267521792129075
2023-06-16,269.5,0.0053202499135665115
2023-06-19,266.78,-0.010144041636153914
2023-06-20,265.21,-0.005902383721447732
2023-06-21,263.93,-0.0048380485191635144
2023-06-22,262.65,-0.004861569072316128
2023-06-23,261.75,-0.0034324976493242134
2023-06-26,261.48,-0.0010320510061173761
2023-06-27,261.61,0.0004970464076025793
2023-06-28,263.43,0.006932832887882343
2023-06-29,263.8,0.0014035622432004864
2023-06-30,266.86,0.011532936031060415
2023-07-03,266.35,-0.001912942951266455
2023-07-04,266.59,0.0009006643007613228
2023-07-05,264.66,-0.00726591431886608
2023-07-06,258.47,-0.023666350289831804
2023-07-07,258.77,0.0011600032234171226
2023-07-10,259.25,0.0018532108311479774
2023-07-11,261.14,0.007263814870255692
2023-07-12,265.09,0.015012728989124192
2023-07-13,266.76,0.006279986795088922
2023-07-14,266.45,-0.001162769021314221
2023-07-17,264.77,-0.00632508414944013
2023-07-18,266.42,0.00621248632996565
2023-07-19,267.12,0.002623984712082328
2023-07-20,268.25,0.0042213858754087475
2023-07-21,269.1,0.0031636762220524466
2023-07-24,269.33,0.0008543358059153141
2023-07-25,270.63,0.004815180797881453
2023-07-26,269.2,-0.005297976566084407
2023-07-27,272.86,0.01350424536415549
2023-07-28,272.31,-0.002017719928082488
2023-07-31,272.64,0.0012111204343053324
2023-08-01,270.23,-0.00887879541059533
2023-08-02,266.59,-0.01356155056658606
2023-08-03,265.0,-0.005982071677547317
2023-08-04,265.78,0.0029390729171393055
2023-08-07,266.04,0.0009777745128589667
2023-08-08,265.42,-0.0023331964071172224
2023-08-09,266.58,0.004360909166768684
2023-08-10,268.96,0.008888283484433258
2023-08-11,266.04,-0.010915996244084953
2023-08-14,266.45,0.0015399353265707016
2023-08-15,263.97,-0.009351148417212027
2023-08-16,263.81,-0.0006063132551501192
2023-08-17,261.5,-0.00879486356545142
2023-08-18,259.94,-0.005983448351535259
2023-08-21,260.07,0.0004999903952163337
2023-08-22,261.83,0.00674461265312217
2023-08-23,262.85,0.0038880890636761845
2023-08-24,261.83,-0.0038880890636761906
2023-08-25,261.73,-0.00038200015744519535
2023-08-28,264.06,0.00886291200671932
2023-08-29,266.63,0.009685579494770877
2023-08-30,266.23,-0.0015013327145340786
2023-08-31,265.75,-0.0018045796092345991
2023-09-01,265.72,-0.00011289442501674565
2023-09-04,265.62,-0.0003764068249358377
2023-09-05,265.0,-0.0023368899858824577
2023-09-06,263.51,-0.005638508060776877
2023-09-07,263.16,-0.001329105707648141
2023-09-08,263.73,0.0021636403133996774
2023-09-11,264.64,0.0034445593041294393
2023-09-12,264.17,-0.0017775765350804265
2023-09-13,263.32,-0.003222812700570101
2023-09-14,267.34,0.015151233943650954
2023-09-15,267.96,0.0023164590967398916
2023-09-18,264.95,-0.011296586701295724
2023-09-19,264.84,-0.00041525888212582063
2023-09-20,267.33,0.009357980236092854
2023-09-21,263.86,-0.013065190837107483
2023-09-22,263.05,-0.0030745312788142995
2023-09-25,261.42,-0.006215818819410447
2023-09-26,259.83,-0.006100738346342802
2023-09-27,259.36,-0.0018105130236970434
2023-09-28,260.37,0.0038866383368971846
2023-09-29,261.38,0.003871590844626642
2023-10-02,258.68,-0.010383510590497804
2023-10-03,255.85,-0.011000441327291279
2023-10-04,255.5,-0.001368925607341621
2023-10-05,256.22,0.002814040784528733
2023-10-06,258.32,0.008162676021732021
2023-10-09,257.69,-0.0024418143564231866
2023-10-10,262.74,0.019407637947765545
2023-10-11,263.13,0.0014832565900379064
2023-10-12,263.43,0.0011394714086138808
2023-10-13,260.85,-0.009842148571612119
2023-10-16,261.45,0.002297531165737766
2023-10-17,261.19,-0.0009949488039503699
2023-10-18,258.44,-0.010584553140224436
2023-10-19,255.4,-0.011832615091525762
2023-10-20,251.92,-0.013719366805669823
2023-10-23,251.61,-0.001231307128339303
2023-10-24,252.72,0.004401886829399955
2023-10-25,252.84,0.00047472111026834426
2023-10-26,251.65,-0.004717644381729016
2023-10-27,249.55,-0.008379937306750698
2023-10-30,250.44,0.0035600749614912914
2023-10-31,251.96,0.006050973876618644
2023-11-01,253.67,0.0067638649579785486
2023-11-02,257.69,0.015723102381889682
2023-11-03,258.14,0.0017447613134451492
2023-11-06,257.72,-0.0016283491365997808
2023-11-07,257.31,-0.001592140600001986
2023-11-08,258.04,0.0028330279936011065
2023-11-09,260.3,0.008720200336478683
2023-11-10,257.7,-0.010038694342200396
2023-11-13,259.63,0.007461422898493335
2023-11-14,263.13,0.013390666074587112
2023-11-15,264.25,0.0042474181189470495
2023-11-16,262.47,-0.006758834964064097
2023-11-17,265.12,0.010045763891969883
2023-11-20,265.48,0.0013569545994714547
2023-11-21,265.24,-0.0009044317770574317
2023-11-22,266.05,0.003049184541711345
2023-11-23,266.84,0.0029649667989362248
2023-11-24,267.73,0.003329782151333062
2023-11-27,266.82,-0.0034047362419875123
2023-11-28,266.02,-0.003002779825510017
2023-11-29,267.22,0.004500795235597953
2023-11-30,268.7,0.005523226460697481
2023-12-01,271.37,0.009887687718190463
2023-12-04,271.18,-0.0007003963054727041
2023-12-05,272.26,0.003974685050163903
2023-12-06,273.68,0.005202048585022165
2023-12-07,272.95,-0.002670912441582638
2023-12-08,274.98,0.007409739521321122
2023-12-11,275.82,0.003050111297103918
2023-12-12,275.27,-0.001996044866025304
2023-12-13,275.12,-0.0005450680561555675
2023-12-14,277.55,0.008793731012159474
2023-12-15,277.57,7.205649232102679e-05
2023-12-18,276.82,-0.0027056781599355726
2023-12-19,277.82,0.00360594650068733
2023-12-20,278.36,0.0019418180074062595
2023-12-21,277.82,-0.0019418180074061977
2023-12-22,278.21,0.0014028022371282982
2023-12-27,278.81,0.0021543220424945437
2023-12-28,278.51,-0.001076580883426662
2023-12-29,279.03,0.0018653375570456276
2024-01-02,278.81,-0.00078875667361897
2024-01-03,276.41,-0.008645275559739455
2024-01-04,278.33,0.006922189374001318
2024-01-05,277.57,-0.002734306434636709
2024-01-08,278.62,0.003775692649587483
2024-01-09,278.13,-0.0017602159910782129
2024-01-10,277.65,-0.0017273025993845344
2024-01-11,275.53,-0.007664812101090787
2024-01-12,277.86,0.00842087413419025
2024-01-15,276.37,-0.005376842068130824
2024-01-16,275.72,-0.002354689635133655
2024-01-17,272.6,-0.011380338755018836
2024-01-18,274.21,0.005888716930901138
2024-01-19,273.51,-0.0025560519284124603
2024-01-22,275.68,0.00790258851469846
2024-01-23,274.9,-0.0028333776084195563
2024-01-24,278.15,0.01175314135010228
2024-01-25,278.99,0.003015402363806427
2024-01-26,282.09,0.01105023007198676
2024-01-29,282.68,0.0020893468655583764
2024-01-30,283.14,0.0016259591436975857
2024-01-31,283.16,7.06339396374034e-05
2024-02-01,282.11,-0.003715043103773263
2024-02-02,282.15,0.00014177861293373278
2024-02-05,282.03,-0.0004253961565798496
2024-02-06,283.82,0.006326786147822241
2024-02-07,283.16,-0.0023281255004028354
2024-02-08,282.95,-0.0007419053174558075
2024-02-09,282.79,-0.0005656308702435932
2024-02-12,284.33,0.005430962707135965
2024-02-13,281.63,-0.009541382724981888
2024-02-14,283.05,0.005029407782225772
2024-02-15,285.08,0.007146282151000858
2024-02-16,286.86,0.006224449232397062
2024-02-19,287.33,0.0016370891341508107
2024-02-20,287.04,-0.001009802129786462
2024-02-21,286.55,-0.0017085378726848853
2024-02-22,289.04,0.008652045841638279
2024-02-23,290.3,0.0043497841911994874
2024-02-26,289.25,-0.0036235049567983424
2024-02-27,289.77,0.0017961387855282554
2024-02-28,288.76,-0.0034916115883539666
2024-02-29,288.82,0.00020776342745886236
2024-03-01,290.58,0.006075268944773761
2024-03-04,290.48,-0.00034419853711229316
2024-03-05,289.81,-0.0023091912585902034
2024-03-06,290.95,0.0039258952551888115
2024-03-07,294.27,0.011346282141655072
2024-03-08,294.33,0.00020387359907525864
2024-03-11,293.3,-0.003505610860003687
2024-03-12,296.25,0.010007716465935458
2024-03-13,296.72,0.001585240731994587
2024-03-14,296.44,-0.000944096098177335
2024-03-15,295.52,-0.0031083206322283148
2024-03-18,295.04,-0.0016255760827007402
2024-03-19,295.79,0.0025388027109147383
2024-03-20,295.86,0.00023662638494596983
2024-03-21,298.64,0.009352465142238479
2024-03-22,298.78,0.0004686820078427672
2024-03-25,298.98,0.0006691649071970131
2024-03-26,299.72,0.002472023974741723
2024-03-27,300.14,0.0014003269717333857
2024-03-28,300.84,0.002329529490358749
2024-04-02,298.46,-0.007942641454880365
2024-04-03,299.31,0.0028439050902035645
2024-04-04,299.82,0.0017024689906431606
2024-04-05,297.32,-0.00837329472707586
2024-04-08,298.79,0.0049319856393882896
2024-04-09,296.97,-0.006109861896655309
2024-04-10,297.43,0.0015477795822076358
2024-04-11,296.43,-0.0033678003070523807
2024-04-12,296.98,0.0018536935929342661
2024-04-15,297.4,0.0014132375581391648
2024-04-16,292.97,-0.015007819329605043
2024-04-17,293.15,0.0006142087137744704
2024-04-18,293.89,0.0025211242571459643
2024-04-19,293.7,-0.000646709462795575
2024-04-22,295.94,0.007597892869813885
2024-04-23,299.32,0.011356504137769521
2024-04-24,298.12,-0.00401714519866472
2024-04-25,296.29,-0.006157385581633559
2024-04-26,299.86,0.011976994634897526
2024-04-29,300.21,0.0011665307037171157
2024-04-30,298.42,-0.005980339558198744
2024-05-01,298.08,-0.0011399833589973572
2024-05-02,297.6,-0.0016116038943414215
2024-05-03,299.07,0.004927356743785443
2024-05-06,300.78,0.005701440800744578
2024-05-07,304.22,0.011372023380129928
2024-05-08,305.33,0.00364203503226457
2024-05-09,306.32,0.003237148253177459
2024-05-10,308.72,0.0078044100603244515
2024-05-13,308.99,0.0008741966851594524
2024-05-14,309.48,0.0015845557667308091
2024-05-15,311.37,0.006088445964053579
2024-05-16,311.07,-0.0009639484070109111
2024-05-17,310.79,-0.0009005242946065073
2024-05-20,311.62,0.002667053845518553
2024-05-21,311.23,-0.0012523081029748508
2024-05-22,310.22,-0.003250465489628862
2024-05-23,310.47,0.0008055551515865843
2024-05-24,309.92,-0.0017730786895056934
2024-05-27,310.95,0.0033179278912123552
2024-05-28,309.22,-0.00557912987544962
2024-05-29,305.93,-0.0106966800611436
2024-05-30,307.84,0.006223849864036662
2024-05-31,308.86,0.0033079323175134326
2024-06-03,309.87,0.0032647548917967457
2024-06-04,308.23,-0.0053065971478009006
2024-06-05,310.76,0.008174652543368997
2024-06-06,312.93,0.006958613273769397
2024-06-07,312.27,-0.002111325160502817
2024-06-10,311.49,-0.0025009632120143906
2024-06-11,308.59,-0.009353699986445446
2024-06-12,311.94,0.010797326626652467
2024-06-13,307.89,-0.013068285297946802
2024-06-14,304.92,-0.00969312920565957
2024-06-17,305.18,0.0008523193435163813
2024-06-18,307.31,0.006955243633786947
2024-06-19,306.84,-0.0015305710062809726
2024-06-20,309.73,0.00937451113337909
2024-06-21,307.47,-0.007323428712893117
2024-06-24,309.75,0.007387998997670421
2024-06-25,309.05,-0.0022624444039695043
2024-06-26,307.33,-0.00558098726260124
2024-06-27,306.06,-0.004140927679790911
2024-06-28,305.36,-0.0022897527259158135
2024-07-01,306.36,0.003269472604418499
2024-07-02,305.13,-0.004022965735778311
2024-07-03,307.37,0.007314318323324939
2024-07-04,309.17,0.005839053797578393
2024-07-05,308.61,-0.001812943615469404
2024-07-08,308.51,-0.0003240860800987616
2024-07-09,305.72,-0.009084607356266152
2024-07-10,308.51,0.009084607356266086
2024-07-11,310.36,0.005978656294798938
2024-07-12,313.09,0.008757775118822149
2024-07-15,309.9,-0.010241024350868296
2024-07-16,309.04,-0.0027789464356765764
2024-07-17,307.58,-0.004735502346248543
2024-07-18,307.1,-0.001561788565000621
2024-07-19,304.72,-0.007780105276428099
2024-07-22,307.64,0.009536946018504251
2024-07-23,308.04,0.001299376482196447
2024-07-24,306.15,-0.006154466747086046
2024-07-25,303.97,-0.007146165597875011
2024-07-26,306.49,0.008256116090517983
2024-07-29,305.89,-0.0019595682157986655
2024-07-30,307.26,0.004468734501706064
2024-07-31,309.72,0.007974368816008997
2024-08-01,305.98,-0.012148923179289893
2024-08-02,297.62,-0.027702235337328712
2024-08-05,291.2,-0.021807188679373354
2024-08-06,292.02,0.002811976750886911
2024-08-07,296.54,0.015359823516462168
2024-08-08,296.95,0.0013816578719890514
2024-08-09,298.65,0.005708544716445793
2024-08-12,298.59,-0.00020092425223314873
2024-08-13,300.13,0.005144319201678432
2024-08-14,301.6,0.004885922006040896
2024-08-15,305.33,0.012291522782060598
2024-08-16,306.28,0.003106557329061065
2024-08-19,308.17,0.00615186251330057
2024-08-20,306.78,-0.004520700438260284
2024-08-21,307.79,0.0032868539280692995
2024-08-22,308.89,0.003567494216263813
2024-08-23,310.33,0.0046510209484142955
2024-08-26,310.28,-0.00016113179003947168
2024-08-27,310.79,0.0016423273210193214
2024-08-28,311.83,0.0033407245743406868
2024-08-29,314.26,0.007762501243955177
2024-08-30,314.55,0.000922377254052973
2024-09-02,314.49,-0.00019076688344770476
2024-09-03,311.43,-0.009777685259327233
2024-09-04,308.43,-0.009679680650526828
2024-09-05,306.81,-0.0052662497367057335
2024-09-06,303.52,-0.010781157299327052
2024-09-09,306.0,0.008137595765676792
2024-09-10,304.35,-0.005406747012447312
2024-09-11,304.39,0.00013141899680494708
2024-09-12,306.84,0.008016665154357004
2024-09-13,309.16,0.0075325031475748944
2024-09-16,308.67,-0.0015861971828416781
2024-09-17,309.92,0.004041454602857269
2024-09-18,308.36,-0.005046268067624272
2024-09-19,312.67,0.013880389671035874
2024-09-20,308.23,-0.0143020637232465
2024-09-23,309.49,0.004079523886108794
2024-09-24,311.52,0.006537760198929761
2024-09-25,311.23,-0.0009313529376557729
2024-09-26,315.16,0.012548257691253725
2024-09-27,316.65,0.004716616584951891
2024-09-30,313.54,-0.009870119322054201
2024-10-01,312.37,-0.0037385610159333853
2024-10-02,312.53,0.0005120819442993537
2024-10-03,309.64,-0.009290132232238327
2024-10-04,311.0,0.004382579842721549
2024-10-07,311.55,0.0017669268109969515
2024-10-08,309.9,-0.005310174196528508
2024-10-09,311.95,0.006593253763092829
2024-10-10,311.42,-0.0017004351435166928
2024-10-11,313.14,0.005507891470098117
2024-10-14,314.82,0.005350672043298608
2024-10-15,312.33,-0.007940725771904253
2024-10-16,311.75,-0.0018587365946253266
2024-10-17,314.35,0.008305430268924427
2024-10-18,315.01,0.002097369524414304
2024-10-21,312.93,-0.006624860997495005
2024-10-22,312.27,-0.002111325160502817
2024-10-23,311.33,-0.0030147553301858414
2024-10-24,311.43,0.0003211510079629376
2024-10-25,311.33,-0.0003211510079629092
2024-10-28,312.62,0.004134952602024454
2024-10-29,310.86,-0.0056457454125731265
2024-10-30,307.03,-0.012397187372123511
2024-10-31,303.38,-0.011959317519102125
2024-11-01,306.69,0.01085132027350605
2024-11-04,305.68,-0.0032986622983877997
2024-11-05,305.89,0.0006867570621633077
2024-11-06,304.24,-0.005408696580803604
2024-11-07,306.25,0.006584898238932549
2024-11-08,304.29,-0.006420567802922695
2024-11-11,307.74,0.011274076573217941
2024-11-12,301.65,-0.019987865742461416
2024-11-13,301.27,-0.0012605322441334372
2024-11-14,304.62,0.011058225544720801
2024-11-15,302.28,-0.007711358034838988
2024-11-18,302.3,6.616163289328596e-05
2024-11-19,300.96,-0.004442536232692165
2024-11-20,300.89,-0.0002326161014061481
2024-11-21,302.17,0.0042450234542389465
2024-11-22,305.74,0.011745294667334906
2024-11-25,305.94,0.000653936722231222
2024-11-26,304.21,-0.005670751900439579
2024-11-27,303.64,-0.0018754632461123345
2024-11-28,305.09,0.004764025897936312
2024-11-29,306.87,0.005817390090522013
2024-12-02,308.93,0.006690508880460183
2024-12-03,310.11,0.003812359231017352
2024-12-04,311.27,0.003733629494132129
2024-12-05,312.53,0.0040397618261156796
2024-12-06,313.11,0.0018541019313190457
2024-12-09,313.57,0.001468054134854594
2024-12-10,311.94,-0.005211759011245236
2024-12-11,312.83,0.002849050376994095
2024-12-12,312.39,-0.0014075047907591268
2024-12-13,310.73,-0.005328039308657014
2024-12-16,310.36,-0.0011914538755086934
2024-12-17,309.07,-0.004165125566855327
2024-12-18,309.54,0.0015195360257205005
2024-12-19,304.9,-0.015103470490404568
2024-12-20,302.22,-0.008828625008594734
2024-12-23,302.65,0.0014217933520819868
2024-12-24,303.2,0.001815631430520336
2024-12-27,305.22,0.00664017429451215
2024-12-30,303.82,-0.004597407283212143
2024-12-31,305.49,0.005481624072167265
2025-01-02,307.39,0.006200254819311267
2025-01-03,305.9,-0.00485904851413723
2025-01-06,308.81,0.009467949889120855
2025-01-07,309.81,0.0032330053054436952
2025-01-08,309.21,-0.0019385486346113097
2025-01-09,310.53,0.0042598573469575084
2025-01-10,307.97,-0.008278139431537455
2025-01-13,306.27,-0.0055353097831972705
2025-01-14,306.04,-0.0007512534853825319
2025-01-15,310.11,0.013211260884851866
2025-01-16,313.16,0.009787168791210388
2025-01-17,315.31,0.00684203983456277
2025-01-20,315.51,0.000634095325770424
2025-01-21,316.79,0.0040487165854526065
2025-01-22,318.03,0.003906624167616588
2025-01-23,319.41,0.004329826041508732
2025-01-24,319.26,-0.00046972615829164597
2025-01-27,319.02,-0.0007520210920307922
2025-01-28,320.18,0.0036295409056462456
2025-01-29,321.78,0.004984744572940355
2025-01-30,324.54,0.00854071288850191
2025-01-31,324.96,0.0012933027206838844
2025-02-03,322.14,-0.008715864169541454
2025-02-04,322.86,0.0022325590668502617
2025-02-05,324.38,0.004696875330160129
2025-02-06,328.16,0.011585626264527199
2025-02-07,326.9,-0.0038469805939057447
2025-02-10,328.83,0.0058865861655767
2025-02-11,329.59,0.0023085578734883976
2025-02-12,329.95,0.0010916700602005712
2025-02-13,333.62,0.011061492896478769
2025-02-14,332.93,-0.002070363052938713
2025-02-17,334.75,0.005451726898311209
2025-02-18,335.81,0.0031615392594866914
2025-02-19,332.76,-0.009124014415081639
2025-02-20,332.27,-0.0014736179982005025
2025-02-21,334.0,0.005193101559213962
2025-02-24,333.72,-0.000838674942826585
2025-02-25,334.21,0.001467219882033341
2025-02-26,337.51,0.00982560158735804
2025-02-27,336.05,-0.004335181087290394
2025-02-28,336.1,0.00014877631508503138
2025-03-03,339.69,0.010624702262997773
2025-03-04,332.42,-0.021634207351093747
2025-03-05,335.45,0.009073684365932881
2025-03-06,335.6,0.0004470605841542119
2025-03-07,334.06,-0.004599357031249606
2025-03-10,329.74,-0.013016152428768957
2025-03-11,324.33,-0.01654294916024289
2025-03-12,326.96,0.008076323283232205
2025-03-13,326.53,-0.0013160111464879908
2025-03-14,330.26,0.011358394925308464
2025-03-17,332.88,0.007901841639843537
2025-03-18,334.92,0.006109632661545354
2025-03-19,335.59,0.0019984794350385165
2025-03-20,334.16,-0.0042702565823496885
2025-03-21,332.3,-0.0055817448283713746
2025-03-24,331.9,-0.0012044566346197673
2025-03-25,334.11,0.006636561347189614
2025-03-26,331.87,-0.006726954103778218
2025-03-27,330.86,-0.00304800079047027
2025-03-28,328.46,-0.007280260269455161
2025-03-31,323.56,-0.015030496759662936
2025-04-01,327.03,0.010667341658624888
2025-04-02,325.46,-0.004812343575908558
2025-04-03,316.8,-0.026968906292197434
2025-04-04,300.95,-0.051326521946491066
2025-04-07,287.43,-0.04596478566288808
2025-04-08,295.34,0.027147882714736046
2025-04-09,285.02,-0.035567881800561786
2025-04-10,295.8,0.037124197031633506
2025-04-11,295.67,-0.0004395827416211808
2025-04-14,303.65,0.026631754808505978
2025-04-15,308.74,0.01662377641011101
2025-04-16,308.16,-0.0018803701439344485
2025-04-17,307.83,-0.0010714460675334493
2025-04-22,309.19,0.004408292121521033
2025-04-23,314.72,0.017727379977000697
2025-04-24,316.06,0.004248714340208677
2025-04-25,317.34,0.00404168532498586
2025-04-28,319.04,0.005342732467530185
2025-04-29,320.33,0.004035227647304925
2025-04-30,321.89,0.004858157853132951
2025-05-01,321.99,0.00031061688763139454
2025-05-02,327.53,0.017059164771895292
2025-05-05,328.43,0.00274407148223861
2025-05-06,327.93,-0.0015235544418227922
2025-05-07,326.22,-0.005228170587969395
2025-05-08,327.79,0.004801159052169875
2025-05-09,329.44,0.005021083841425126
2025-05-12,333.67,0.01275823732772189
2025-05-13,334.17,0.0014973649180069705
2025-05-14,333.49,-0.0020369656265852745
2025-05-15,335.66,0.006485862981410445
2025-05-16,337.2,0.004577483247667103
2025-05-19,338.28,0.003197728786321012
2025-05-20,340.8,0.0074218400411392655
2025-05-21,340.73,-0.00020542015830898915
2025-05-22,338.61,-0.006241372161207061
2025-05-23,335.55,-0.009078026031396362
2025-05-26,339.01,0.010258628866202798
2025-05-27,340.17,0.0034158871814071717
2025-05-28,338.13,-0.006015055729761257
2025-05-29,337.63,-0.0014798155890965135
2025-05-30,338.14,0.0015093895758199734
2025-06-02,337.69,-0.0013316960374739441
2025-06-03,338.04,0.0010359168049352125
2025-06-04,339.67,0.00481032637287001
2025-06-05,340.23,0.0016473014461971713
2025-06-06,341.32,0.0031985941730352245
2025-06-09,341.11,-0.0006154477576558722
2025-06-10,341.05,-0.00017591180999974382
2025-06-11,340.14,-0.002671796536461065
2025-06-12,339.05,-0.0032097084344161527
2025-06-13,336.03,-0.008947147438093472
2025-06-16,337.25,0.0036240533961075577
2025-06-17,334.41,-0.008456710018223398
2025-06-18,333.23,-0.003534842815547129
2025-06-19,330.59,-0.007954005358529803
2025-06-20,331.0,0.0012394384814978954
2025-06-23,330.12,-0.002662150652579378
2025-06-24,333.79,0.011055827995781862
2025-06-25,331.32,-0.007427376990201987
2025-06-26,331.69,0.0011161220446447519
2025-06-27,335.49,0.011391351933498566
2025-06-30,334.1,-0.004151800345495777
2025-07-01,333.46,-0.0019174312303981388
2025-07-02,334.06,0.0017976994294887725
2025-07-03,335.65,0.0047483328229588435
2025-07-04,334.12,-0.004568740497054911
2025-07-07,335.58,0.004360168173846104
2025-07-08,336.96,0.004103850884059137
2025-07-09,339.58,0.007745330942255107
2025-07-10,341.42,0.005403831064741111
2025-07-11,337.97,-0.010156256805208461
2025-07-14,337.76,-0.0006215500473878811
2025-07-15,336.5,-0.0037374350152279967
2025-07-16,334.58,-0.005722135181647815
2025-07-17,337.79,0.009548386716806885
2025-07-18,337.77,-5.921013679282527e-05
2025-07-21,337.57,-0.0005922942690995952
2025-07-22,336.19,-0.00409641988178247
2025-07-23,339.83,0.01076901623625796
2025-07-24,340.67,0.0024687742149571887
2025-07-25,339.69,-0.0028808297894242036
2025-07-28,338.99,-0.0020628285737713027
2025-07-29,339.98,0.0029161839303371243
2025-07-30,339.91,-0.00020591566355538375
2025-07-31,337.39,-0.0074413454258079395
2025-08-01,331.01,-0.019090944860192544
2025-08-04,334.05,0.009142095970418476
2025-08-05,334.54,0.0014657715123763842
2025-08-06,334.34,-0.0005980146093781127
2025-08-07,337.59,0.009673702155530553
2025-08-08,338.24,0.0019235612518575967
2025-08-11,338.05,-0.0005618891451858974
2025-08-12,338.75,0.0020685586572237254
2025-08-13,340.62,0.005505114216779226
2025-08-14,342.76,0.006263007390228249
2025-08-15,342.62,-0.000408532498605578
2025-08-18,342.9,0.0008168981665620163
2025-08-19,345.26,0.006858896919528259
2025-08-20,346.05,0.0022855168994696962
2025-08-21,346.09,0.00011558355258912713
2025-08-22,347.47,0.003979473502403899
2025-08-25,345.93,-0.0044418878917308665
2025-08-26,343.08,-0.008272786328913822
2025-08-27,343.44,0.00104876779408443
2025-08-28,342.8,-0.0018652371926804188
2025-08-29,340.62,-0.0063797003129348545
2025-09-01,341.42,0.002345904541916929
2025-09-02,336.31,-0.01508003729313231
2025-09-03,338.55,0.006638438272179837
2025-09-04,340.62,0.006095694479035482
2025-09-05,340.07,-0.001616007638404798
2025-09-08,341.82,0.005132803948074182
2025-09-09,342.04,0.0006434065673953976
2025-09-10,341.98,-0.00017543346730762167
2025-09-11,343.87,0.005511423151370515
2025-09-12,343.57,-0.0008728035000717037
2025-09-15,345.0,0.0041535415596141555
2025-09-16,341.06,-0.011486002146591573
2025-09-17,341.02,-0.00011728829476273437
2025-09-18,343.74,0.007944431058536032
2025-09-19,343.19,-0.0016013279883778403
2025-09-22,342.77,-0.0012245613519280443
2025-09-23,343.73,0.0027967971617361437
2025-09-24,343.09,-0.001863662051889234
2025-09-25,340.83,-0.006608984168159517
2025-09-26,343.59,0.008065266827811775
2025-09-29,344.22,0.0018319017641003587
2025-09-30,345.86,0.0047530810559414365
2025-10-01,349.91,0.011641909661647116
2025-10-02,351.82,0.005443702611336098
2025-10-03,353.59,0.00501836864984034
2025-10-06,353.46,-0.0003677250589488626
2025-10-07,352.88,-0.0016422689649666666
2025-10-08,355.68,0.0079033944192021
2025-10-09,354.18,-0.0042261917352334755
2025-10-10,349.75,-0.012586644935062464
2025-10-13,351.29,0.0043934796222022095
2025-10-14,350.01,-0.003650367663917507
2025-10-15,352.02,0.005726266661948169
2025-10-16,354.49,0.006992144663773803
2025-10-17,351.13,-0.009523611563536259
2025-10-20,354.77,0.010313166915722814
2025-10-21,355.52,0.0021118142694813826
2025-10-22,354.89,-0.0017736241470459654
2025-10-23,356.24,0.003796778709227944
2025-10-24,357.06,0.0022991738713688077
2025-10-27,357.87,0.002265957077148547
2025-10-28,357.1,-0.0021539373615613124
2025-10-29,356.88,-0.0006162637803935008
2025-10-30,356.61,-0.0007568431593666186
2025-10-31,354.79,-0.005116682515317191
2025-11-03,355.03,0.0006762278018248839
2025-11-04,353.98,-0.0029618785845425353
2025-11-05,354.88,0.002539289799394384
2025-11-06,352.48,-0.006785821107969109
2025-11-07,350.56,-0.0054620072068766
2025-11-10,355.55,0.014134010482370639
2025-11-11,360.09,0.012688113875835908
2025-11-12,362.64,0.0070566064272308575
2025-11-13,360.55,-0.005779963269825275
2025-11-14,356.91,-0.010146994206224098
2025-11-17,354.97,-0.005450370294303353
2025-11-18,348.88,-0.017305255327730112
2025-11-19,348.79,-0.0002580016354414782
2025-11-20,350.22,0.004091506544685198
2025-11-21,349.09,-0.00323175983041033
2025-11-24,349.79,0.0020032057980825775
2025-11-25,352.97,0.009050093074674956
2025-11-26,356.82,0.010848385460455216
2025-11-27,357.36,0.0015122240973060926
2025-11-28,358.26,0.0025153027430927385
2025-12-01,357.54,-0.0020117358000134792
2025-12-02,357.83,0.0008107692966880629
2025-12-03,358.2,0.001033476342980753
2025-12-04,359.85,0.004595788327201934
2025-12-05,359.82,-8.337154533999309e-05
2025-12-08,359.56,-0.0007228447032747717
2025-12-09,359.2,-0.001001725277154072
2025-12-10,359.45,0.000695749001835992
2025-12-11,361.43,0.00549329979773078
2025-12-12,359.5,-0.005354208066509806
2025-12-15,362.17,0.007399537690541545
2025-12-16,360.49,-0.0046494977624194815
2025-12-17,360.48,-2.774040528911845e-05
2025-12-18,363.95,0.009580018880332579
2025-12-19,365.3,0.0037024382369700466
2025-12-22,364.83,-0.0012874421402189926
2025-12-23,366.07,0.003393080283693645
2025-12-24,366.05,-5.463585205964995e-05
2025-12-29,366.44,0.0010648610543562349
2025-12-30,368.64,0.005985760920463693
2025-12-31,368.33,-0.0008412825984333093
