Date,Close_Price,Return
2014-12-31,342.54,
2015-01-02,341.33,-0.003538687945563545
2015-01-05,333.99,-0.021738698849933746
2015-01-06,331.61,-0.0071514727868530175
2015-01-07,333.2,0.004783330670815063
2015-01-08,342.35,0.027090695274384444
2015-01-09,337.93,-0.01299483212405806
2015-01-12,339.87,0.005724418110492891
2015-01-13,344.77,0.014314336490149059
2015-01-14,339.67,-0.014902969994504443
2015-01-15,348.45,0.025520189835376135
2015-01-16,352.4,0.011272146177496629
2015-01-19,353.18,0.0022109479229539195
2015-01-20,355.96,0.007840523003683143
2015-01-21,358.12,0.006049760777293895
2015-01-22,364.05,0.01642309507476479
2015-01-23,370.37,0.01721128513063348
2015-01-26,372.39,0.005439186224612354
2015-01-27,368.7,-0.009958386955867366
2015-01-28,369.08,0.0010301174702561857
2015-01-29,368.76,-0.0008673967799615062
2015-01-30,367.05,-0.00464794737360318
2015-02-02,367.28,0.0006264213841761613
2015-02-03,370.28,0.00813497625804397
2015-02-04,372.1,0.004903159153566372
2015-02-05,372.51,0.0011012477442835084
2015-02-06,373.31,0.002145290570963856
2015-02-09,370.55,-0.007420785270456276
2015-02-10,372.94,0.006429160398579431
2015-02-11,372.04,-0.002416173421681062
2015-02-12,374.83,0.007471214476190128
2015-02-13,377.07,0.005958256754399533
2015-02-16,376.55,-0.0013800060574950257
2015-02-17,377.02,0.0012473958914052787
2015-02-18,380.37,0.008846226769200322
2015-02-19,381.41,0.002730448807084329
2015-02-20,382.27,0.002252253204325053
2015-02-23,385.08,0.007323939690390283
2015-02-24,387.25,0.00561937438721216
2015-02-25,386.76,-0.001266133681631273
2015-02-26,390.69,0.01011006103237474
2015-02-27,392.21,0.0038830039847849436
2015-03-02,391.29,-0.00234843758220498
2015-03-03,387.68,-0.009268715982085805
2015-03-04,390.61,0.007529362685151466
2015-03-05,393.78,0.008082757960319117
2015-03-06,394.18,0.0010152800506620567
2015-03-09,393.19,-0.002514702164693694
2015-03-10,389.66,-0.009018391581913452
2015-03-11,395.48,0.014825653011190983
2015-03-12,395.36,-0.0003034747886323182
2015-03-13,396.61,0.003156687849254728
2015-03-16,400.18,0.008961015798791955
2015-03-17,397.33,-0.007147276228096459
2015-03-18,398.65,0.0033166692882539983
2015-03-19,400.83,0.005453558320407876
2015-03-20,404.01,0.007902232861147834
2015-03-23,401.24,-0.006879878114775645
2015-03-24,402.49,0.0031104998142016623
2015-03-25,397.95,-0.011343882577627659
2015-03-26,394.54,-0.008605839936135501
2015-03-27,395.54,0.002531390578156159
2015-03-30,399.84,0.010812547192763332
2015-03-31,397.3,-0.006372804266088906
2015-04-01,398.52,0.0030660223561020943
2015-04-02,397.8,-0.00180831875678366
2015-04-07,404.34,0.01630674176630875
2015-04-08,404.66,0.000791100164868011
2015-04-09,409.15,0.011034628622342214
2015-04-10,412.93,0.009196250096906571
2015-04-13,413.63,0.00169376734259926
2015-04-14,411.7,-0.004676925637037544
2015-04-15,414.06,0.005715962084706401
2015-04-16,410.93,-0.007588007171502328
2015-04-17,403.69,-0.017775627006428568
2015-04-20,406.87,0.007846467418209007
2015-04-21,409.12,0.005514787442032986
2015-04-22,408.99,-0.0003178056767284822
2015-04-23,407.18,-0.004435357749617022
2015-04-24,408.42,0.0030407085713840924
2015-04-27,412.42,0.009746190884205063
2015-04-28,406.28,-0.014999670500819821
2015-04-29,397.3,-0.022350914250747103
2015-04-30,395.79,-0.0038078952567583623
2015-05-01,394.66,-0.0028591328225151314
2015-05-04,396.82,0.00545814262504437
2015-05-05,391.01,-0.014749642260434369
2015-05-06,388.68,-0.005976752134651688
2015-05-07,388.98,0.0007715454437210788
2015-05-08,400.16,0.028336538714349737
2015-05-11,401.34,0.0029444812290625867
2015-05-12,396.09,-0.013167490199152261
2015-05-13,395.46,-0.001591813866535865
2015-05-14,397.99,0.006377235047959599
2015-05-15,396.45,-0.0038769496222352266
2015-05-18,398.09,0.00412818065561377
2015-05-19,404.78,0.016665599264038072
2015-05-20,406.42,0.004043398013737681
2015-05-21,407.87,0.003561388528872532
2015-05-22,407.74,-0.0003187798116769174
2015-05-25,406.56,-0.002898196797138952
2015-05-26,403.61,-0.0072824543924074545
2015-05-27,408.88,0.012972649280577541
2015-05-28,406.83,-0.005026306692060521
2015-05-29,399.87,-0.017255913483927108
2015-06-01,400.57,0.0017490384749626173
2015-06-02,396.45,-0.010338603040591305
2015-06-03,395.93,-0.0013125017659420886
2015-06-04,392.65,-0.008318798131582116
2015-06-05,389.0,-0.009339286202437293
2015-06-08,385.39,-0.009323535042792602
2015-06-09,383.87,-0.003951854972760277
2015-06-10,390.78,0.017840788183471745
2015-06-11,393.0,0.005664870082896115
2015-06-12,389.38,-0.00925388131849699
2015-06-15,383.02,-0.016468523412350746
2015-06-16,385.49,0.006428045191289938
2015-06-17,383.74,-0.004550012399750431
2015-06-18,384.22,0.0012500652703436917
2015-06-19,385.59,0.003559323589853361
2015-06-22,394.25,0.022210597052997754
2015-06-23,398.83,0.01155003509225729
2015-06-24,397.32,-0.003793259588249793
2015-06-25,396.39,-0.0023434262529200183
2015-06-26,396.85,0.0011598004426494443
2015-06-29,386.17,-0.02728068851828545
2015-06-30,381.31,-0.01266499443026618
2015-07-01,387.07,0.01499286263786731
2015-07-02,385.46,-0.004168128955294789
2015-07-03,383.42,-0.0053064321790020005
2015-07-06,378.68,-0.012439472831212967
2015-07-07,372.74,-0.01581039560817142
2015-07-08,372.88,0.0003755264119665538
2015-07-09,381.06,0.021700190978453052
2015-07-10,388.8,0.02010822954334546
2015-07-13,396.46,0.019510080675780715
2015-07-14,398.3,0.0046303369255337925
2015-07-15,400.03,0.004334054108024001
2015-07-16,405.43,0.013408687971019061
2015-07-17,405.68,0.0006164392201221855
2015-07-20,406.8,0.002756992687641275
2015-07-21,402.66,-0.010229130776201937
2015-07-22,400.28,-0.005928231175947702
2015-07-23,398.1,-0.0054610722159836615
2015-07-24,394.64,-0.008729273080788812
2015-07-27,385.91,-0.022369775268577217
2015-07-28,390.02,0.010593838203189099
2015-07-29,394.01,0.010178269826414156
2015-07-30,396.24,0.005643798593473421
2015-07-31,396.37,0.000328030181717814
2015-08-03,399.44,0.007715447730653695
2015-08-04,398.75,-0.0017289120932994563
2015-08-05,403.93,0.012906941522845642
2015-08-06,400.7,-0.00802857797980119
2015-08-07,397.07,-0.009100430079742998
2015-08-10,399.82,0.0069018582652409545
2015-08-11,393.61,-0.015653874468173058
2015-08-12,382.99,-0.027351692180215142
2015-08-13,386.69,0.00961445926000258
2015-08-14,386.24,-0.0011644005300442445
2015-08-17,387.26,0.0026373641660854498
2015-08-18,388.13,0.002244032977178073
2015-08-19,381.31,-0.017727642464097196
2015-08-20,373.44,-0.020855343490141884
2015-08-21,361.28,-0.03310406813689403
2015-08-24,342.01,-0.054813304560083716
2015-08-25,356.36,0.041101479451229696
2015-08-26,350.14,-0.017608381347656854
2015-08-27,362.27,0.03405671566195559
2015-08-28,363.28,0.0027840966229538914
2015-08-31,362.79,-0.0013497323244017975
2015-09-01,352.89,-0.027667760824834263
2015-09-02,353.86,0.00274496104439713
2015-09-03,362.24,0.023405620889906664
2015-09-04,353.11,-0.02552735245237477
2015-09-07,354.81,0.004802811808746603
2015-09-08,359.0,0.0117399535571437
2015-09-09,363.77,0.013199411303793141
2015-09-10,359.34,-0.012252784287645986
2015-09-11,355.72,-0.010125110972986615
2015-09-14,353.63,-0.005892735737839185
2015-09-15,356.43,0.007886698344705489
2015-09-16,361.87,0.015147164167765258
2015-09-17,361.21,-0.0018255246536752155
2015-09-18,354.77,-0.017989814470612084
2015-09-21,357.83,0.008588321101846723
2015-09-22,346.67,-0.031684694477934
2015-09-23,346.97,0.0008650020722730907
2015-09-24,339.63,-0.021381531119841896
2015-09-25,349.28,0.028017103043505992
2015-09-28,341.57,-0.02232125675784925
2015-09-29,339.23,-0.006874292640696525
2015-09-30,347.77,0.024862998327556333
2015-10-01,346.23,-0.004438047630221098
2015-10-02,347.86,0.0046968058795841434
2015-10-05,358.33,0.029654249544797978
2015-10-06,360.41,0.005787922772274015
2015-10-07,360.93,0.0014417614164636506
2015-10-08,361.61,0.0018822492893464091
2015-10-09,362.82,0.0033405605102871188
2015-10-12,361.79,-0.0028429105138402747
2015-10-13,358.47,-0.009218958469563847
2015-10-14,355.81,-0.007448094015647817
2015-10-15,360.99,0.014453376604056418
2015-10-16,363.13,0.005910639756364867
2015-10-19,364.25,0.003079548200768472
2015-10-20,362.67,-0.0043471151933039765
2015-10-21,362.64,-8.27232494164855e-05
2015-10-22,369.99,0.02006537161341258
2015-10-23,377.36,0.019723660729999884
2015-10-26,375.89,-0.003903091579634218
2015-10-27,371.88,-0.01072532580871491
2015-10-28,375.83,0.010565691902134158
2015-10-29,375.7,-0.00034596090986815643
2015-10-30,375.47,-0.0006123780427535877
2015-11-02,376.75,0.003403262969435133
2015-11-03,378.36,0.004264285838364936
2015-11-04,380.28,0.0050617001458598465
2015-11-05,378.76,-0.0040050643755302545
2015-11-06,379.95,0.0031369060004945945
2015-11-09,375.88,-0.010769721600929677
2015-11-10,376.27,0.0010370272816627424
2015-11-11,378.71,0.006463769888807887
2015-11-12,372.56,-0.016372642011212937
2015-11-13,369.53,-0.008166170783283721
2015-11-16,370.64,0.0029993132175548287
2015-11-17,379.88,0.024624172266358792
2015-11-18,379.33,-0.00144887474141559
2015-11-19,380.96,0.004287844105216417
2015-11-20,381.79,0.002176336486670119
2015-11-23,380.37,-0.0037262560172564405
2015-11-24,375.64,-0.012513225271553515
2015-11-25,380.84,0.013748101481077803
2015-11-26,384.37,0.009226290928604042
2015-11-27,383.67,-0.0018228222327561893
2015-11-30,385.43,0.004576786041402331
2015-12-01,384.24,-0.0030922367981716936
2015-12-02,384.17,-0.00018219440193030612
2015-12-03,372.11,-0.031895653467071426
2015-12-04,370.59,-0.004093179270735319
2015-12-07,372.48,0.005087014886186364
2015-12-08,365.75,-0.01823330520278464
2015-12-09,364.19,-0.004274330424655004
2015-12-10,363.21,-0.002694530087820098
2015-12-11,355.79,-0.020640510228342488
2015-12-14,349.54,-0.017722664821200957
2015-12-15,359.58,0.028318679359933607
2015-12-16,360.43,0.002361079415214408
2015-12-17,364.9,0.012325580329038492
2015-12-18,361.23,-0.010108468870164464
2015-12-21,357.15,-0.011359012971256018
2015-12-22,356.87,-0.0007842917967357837
2015-12-23,366.39,0.026326770046861084
2015-12-24,366.28,-0.00030027161157553605
2015-12-28,364.49,-0.00489895200941023
2015-12-29,369.68,0.014138650331889904
2015-12-30,367.7,-0.0053703782547846225
2015-12-31,365.81,-0.005153315381309001
2016-01-04,356.66,-0.02533112590155
2016-01-05,358.88,0.006205123747530975
2016-01-06,354.35,-0.012702945515633099
2016-01-07,346.51,-0.022373447013889814
2016-01-08,341.35,-0.015003334378085905
2016-01-11,340.23,-0.003286484368940486
2016-01-12,343.22,0.008749781478808342
2016-01-13,344.63,0.004099736788313813
2016-01-14,339.42,-0.01523309917935148
2016-01-15,329.84,-0.028630590184474936
2016-01-18,328.64,-0.003644761658451117
2016-01-19,332.93,0.012969330932777216
2016-01-20,322.29,-0.03248049632640979
2016-01-21,328.51,0.019115517515078752
2016-01-22,338.36,0.02954313857417424
2016-01-25,336.27,-0.0061960087347001785
2016-01-26,339.2,0.008675495216634271
2016-01-27,340.24,0.0030613470276301576
2016-01-28,334.89,-0.015849131250627632
2016-01-29,342.27,0.021797779581637207
2016-02-01,341.61,-0.0019301637857642685
2016-02-02,334.59,-0.02076383381606818
2016-02-03,329.43,-0.01554201339682355
2016-02-04,328.76,-0.002035886997432371
2016-02-05,325.9,-0.008737415436783474
2016-02-08,314.36,-0.036051759845541556
2016-02-09,309.39,-0.015936209001886976
2016-02-10,315.19,0.018573014596035237
2016-02-11,303.58,-0.03753046439340941
2016-02-12,312.41,0.02867126049777885
2016-02-15,321.76,0.029489498327849993
2016-02-16,320.37,-0.004329348172778315
2016-02-17,328.77,0.02588184029184702
2016-02-18,328.91,0.0004257389676275184
2016-02-19,326.37,-0.007752450009937121
2016-02-22,331.82,0.01656094611410828
2016-02-23,327.78,-0.012250001579528125
2016-02-24,320.23,-0.023303164018987698
2016-02-25,326.54,0.019512965081324895
2016-02-26,331.54,0.015196013298701648
2016-02-29,333.92,0.007152977332170626
2016-03-01,338.72,0.014272364057664513
2016-03-02,340.97,0.006620689487209658
2016-03-03,339.42,-0.004556218290645308
2016-03-04,341.8,0.006987492098371162
2016-03-07,340.93,-0.0025485930628831996
2016-03-08,337.48,-0.010170928321181303
2016-03-09,339.14,0.004906752181555407
2016-03-10,333.5,-0.016770136123302904
2016-03-11,342.23,0.025840160290189054
2016-03-14,344.66,0.0070753982075635515
2016-03-15,340.86,-0.011086588056340479
2016-03-16,341.0,0.0004106414864261922
2016-03-17,340.68,-0.0009388570106366951
2016-03-18,341.71,0.003018803857659654
2016-03-21,340.82,-0.0026079454512931447
2016-03-22,340.3,-0.0015268971723865665
2016-03-23,340.07,-0.0006761027345749241
2016-03-24,335.1,-0.014722484029020324
2016-03-29,336.79,0.005030595972712839
2016-03-30,341.18,0.012950606536395985
2016-03-31,337.54,-0.010726175444035087
2016-04-01,333.15,-0.013091182799792336
2016-04-04,334.49,0.0040141447466434796
2016-04-05,328.15,-0.019136162835457885
2016-04-06,330.65,0.0075895932009397175
2016-04-07,328.1,-0.007741974153615285
2016-04-08,331.86,0.011394753267585584
2016-04-11,332.87,0.003038830133245159
2016-04-12,334.64,0.005303303766056186
2016-04-13,343.06,0.024850031847736074
2016-04-14,343.99,0.0027072282017436364
2016-04-15,342.79,-0.0034945724138832693
2016-04-18,344.2,0.004104869007899744
2016-04-19,349.24,0.014536481165167902
2016-04-20,350.75,0.004314354039963447
2016-04-21,349.59,-0.003312679729288709
2016-04-22,348.46,-0.003237593258522334
2016-04-25,346.68,-0.005121281728615007
2016-04-26,347.31,0.001815588619602516
2016-04-27,348.32,0.0029038446004904877
2016-04-28,348.9,0.001663750706491071
2016-04-29,341.48,-0.021496236050622647
2016-05-02,341.24,-0.0007030701016116853
2016-05-03,335.56,-0.01678526406240013
2016-05-04,331.8,-0.01126840022174973
2016-05-05,332.86,0.0031896034022362205
2016-05-06,331.67,-0.0035814824673444288
2016-05-09,333.22,0.004662433809686717
2016-05-10,336.24,0.009022258195938543
2016-05-11,334.74,-0.004471079611369237
2016-05-12,333.11,-0.004881345321769289
2016-05-13,334.68,0.004702085663675176
2016-05-16,334.73,0.00014938527985240837
2016-05-17,334.72,-2.9875270746811192e-05
2016-05-18,337.58,0.00850815782427832
2016-05-19,333.91,-0.010931023673084898
2016-05-20,338.01,0.012203985256487337
2016-05-23,336.69,-0.003912855147910087
2016-05-24,344.12,0.021827808056873274
2016-05-25,348.56,0.012819948056039246
2016-05-26,348.91,0.001003627480403938
2016-05-27,349.64,0.002090044422696509
2016-05-30,350.14,0.0014290207924992015
2016-05-31,347.45,-0.0077123047444499215
2016-06-01,344.12,-0.00963033600718888
2016-06-02,344.35,0.0006681482375599998
2016-06-03,341.29,-0.008926026243593984
2016-06-06,342.41,0.003276293701474911
2016-06-07,346.26,0.011181088502341773
2016-06-08,344.56,-0.00492169720507483
2016-06-09,341.25,-0.009652894246685646
2016-06-10,332.92,-0.024713125621275093
2016-06-13,326.8,-0.01855385789204655
2016-06-14,320.53,-0.01937248726153055
2016-06-15,323.63,0.009625012208722222
2016-06-16,321.29,-0.007256745856110013
2016-06-17,325.78,0.013878164852529387
2016-06-20,337.67,0.03584678027070229
2016-06-21,340.04,0.006994170548996988
2016-06-22,341.32,0.003757195919225812
2016-06-23,346.34,0.014600497855620658
2016-06-24,321.98,-0.0729315197098564
2016-06-27,308.75,-0.041957543871961336
2016-06-28,316.7,0.025423065602407098
2016-06-29,326.49,0.030444366831485856
2016-06-30,329.88,0.01032963158907453
2016-07-01,332.24,0.007128647357343524
2016-07-04,329.78,-0.00743183384967604
2016-07-05,324.17,-0.0171576959248482
2016-07-06,318.76,-0.016829601018426624
2016-07-07,322.12,0.010485678397796839
2016-07-08,327.35,0.0161057879597562
2016-07-11,332.72,0.01627136054755597
2016-07-12,336.26,0.010583374816125812
2016-07-13,335.83,-0.0012795907056250815
2016-07-14,338.5,0.007919012807172764
2016-07-15,337.92,-0.0017149112744876465
2016-07-18,338.7,0.002305578745883962
2016-07-19,337.32,-0.004082725117285215
2016-07-20,340.81,0.010293102541235374
2016-07-21,340.58,-0.0006750906492175926
2016-07-22,340.33,-0.0007343114691621552
2016-07-25,340.93,0.0017614424893108644
2016-07-26,341.26,0.0009674724805115864
2016-07-27,342.74,0.004327492133584415
2016-07-28,339.47,-0.009586564381394741
2016-07-29,341.89,0.007103470047985149
2016-08-01,339.86,-0.005955279793333994
2016-08-02,335.47,-0.013001234470263504
2016-08-03,335.58,0.0003278444258556795
2016-08-04,337.84,0.006712032564136511
2016-08-05,341.38,0.010423815710498824
2016-08-08,341.53,0.0004392965468722938
2016-08-09,344.67,0.009151914650324063
2016-08-10,343.98,-0.002003921385036787
2016-08-11,346.66,0.007760956364817906
2016-08-12,346.09,-0.0016456156727029402
2016-08-15,346.05,-0.0001155835525890888
2016-08-16,343.32,-0.007920316437853169
2016-08-17,340.47,-0.008335940868861871
2016-08-18,342.91,0.007141006083773814
2016-08-19,340.14,-0.008110724500663863
2016-08-22,340.43,0.0008522268614603441
2016-08-23,343.6,0.00926866568437264
2016-08-24,344.93,0.0038633077838390677
2016-08-25,342.02,-0.008472283009031783
2016-08-26,343.72,0.004958157560114706
2016-08-29,343.2,-0.0015140048312151828
2016-08-30,344.75,0.004506149059603901
2016-08-31,343.53,-0.003545072580053536
2016-09-01,343.66,0.00037835242524153793
2016-09-02,350.44,0.019536711279563843
2016-09-05,350.62,0.0005135081275650991
2016-09-06,349.46,-0.0033139100148358203
2016-09-07,350.46,0.002857471369380745
2016-09-08,349.32,-0.003258169734740796
2016-09-09,345.52,-0.01093787889308647
2016-09-12,342.23,-0.009567503006578043
2016-09-13,338.72,-0.010309218259312436
2016-09-14,338.42,-0.0008860797460745463
2016-09-15,340.34,0.005657390302809882
2016-09-16,337.82,-0.007431908691091519
2016-09-19,341.27,0.010160743588193358
2016-09-20,341.0,-0.0007914755568755918
2016-09-21,342.46,0.0042723852773081826
2016-09-22,347.86,0.015645237419182154
2016-09-23,345.34,-0.007270660995723087
2016-09-26,340.0,-0.01558382137407701
2016-09-27,340.19,0.0005586674456894522
2016-09-28,342.57,0.006971731325769968
2016-09-29,342.72,0.00043777087771778276
2016-09-30,342.92,0.000583396551171241
2016-10-03,343.23,0.0009035925704069944
2016-10-04,346.1,0.008326974260336331
2016-10-05,344.2,-0.0055048668638596225
2016-10-06,342.82,-0.0040173556985280585
2016-10-07,339.64,-0.009319294947748311
2016-10-10,341.98,0.006866022689284355
2016-10-11,340.17,-0.005306763168588823
2016-10-12,338.56,-0.004744163421978266
2016-10-13,335.62,-0.008721761656864124
2016-10-14,339.95,0.012818980399452874
2016-10-17,337.42,-0.007470102794639816
2016-10-18,342.48,0.014884816658861813
2016-10-19,343.64,0.003381335933164944
2016-10-20,344.29,0.0018897277148344656
2016-10-21,344.29,0.0
2016-10-24,344.26,-8.713964133041726e-05
2016-10-25,343.07,-0.003462677866590416
2016-10-26,341.76,-0.003825771644994095
2016-10-27,341.71,-0.0001463122012354429
2016-10-28,340.8,-0.002666629175379168
2016-10-31,338.97,-0.005384187065896045
2016-11-01,335.33,-0.010796486304948429
2016-11-02,331.55,-0.011336493769439593
2016-11-03,331.56,3.0160908448818364e-05
2016-11-04,328.8,-0.008359125541300631
2016-11-07,333.84,0.01521217310127215
2016-11-08,334.91,0.003200002730671071
2016-11-09,339.81,0.014524798866763786
2016-11-10,338.88,-0.002740575467690308
2016-11-11,337.5,-0.004080552100457133
2016-11-14,338.23,0.0021606271261858934
2016-11-15,339.16,0.002745834997031931
2016-11-16,338.47,-0.0020365103034812354
2016-11-17,340.6,0.006273306096266809
2016-11-18,339.39,-0.0035588796221028528
2016-11-21,340.23,0.0024719708888638384
2016-11-22,341.02,0.0023192670946566344
2016-11-23,340.77,-0.0007333636785656669
2016-11-24,341.84,0.0031350284243295244
2016-11-25,342.45,0.0017828703081447326
2016-11-28,339.83,-0.007680169075389431
2016-11-29,340.95,0.0032903463981371938
2016-11-30,341.99,0.0030456579023711732
2016-12-01,340.86,-0.003309661071942501
2016-12-02,339.36,-0.0044103449807182055
2016-12-05,341.27,0.005612462024019883
2016-12-06,344.57,0.009623310005794226
2016-12-07,347.7,0.009042776167629097
2016-12-08,351.96,0.01217749376354424
2016-12-09,355.38,0.009670106739568763
2016-12-12,353.74,-0.004625459510281165
2016-12-13,357.5,0.010573182127414664
2016-12-14,355.72,-0.004991457602622975
2016-12-15,358.79,0.008593354584762613
2016-12-16,360.02,0.0034223263463565795
2016-12-19,359.59,-0.001195091928068761
2016-12-20,361.32,0.004799498747152993
2016-12-21,360.56,-0.0021056138992499624
2016-12-22,359.82,-0.0020544719739194637
2016-12-23,359.98,0.0004445679428598486
2016-12-27,360.48,0.001388002332601233
2016-12-28,361.53,0.0029085490234757767
2016-12-29,360.26,-0.003519032711997828
2016-12-30,361.42,0.0032147239746056176
2017-01-02,363.18,0.004857862161632864
2017-01-03,365.71,0.0069420904679788845
2017-01-04,365.26,-0.0012312408357340711
2017-01-05,365.64,0.001039814021722223
2017-01-06,365.45,-0.0005197718592172652
2017-01-09,363.67,-0.004882607900604743
2017-01-10,364.07,0.0010992938144985126
2017-01-11,364.9,0.0022771866021075917
2017-01-12,362.51,-0.006571283321268278
2017-01-13,365.94,0.009417325415286466
2017-01-16,362.97,-0.008149199314923696
2017-01-17,362.42,-0.0015164259374845102
2017-01-18,363.07,0.0017918928556496538
2017-01-19,362.85,-0.0006061274155153895
2017-01-20,362.58,-0.0007443861226239372
2017-01-23,361.01,-0.0043394808212772655
2017-01-24,361.92,0.0025175341475106956
2017-01-25,366.59,0.01282086441895396
2017-01-26,367.5,0.00247926130618188
2017-01-27,366.38,-0.0030522724955782924
2017-01-30,362.55,-0.010508650339711316
2017-01-31,360.12,-0.006725086577325616
2017-02-01,363.2,0.008516337486862102
2017-02-02,361.95,-0.003447565987987762
2017-02-03,364.07,0.00584007610114406
2017-02-06,361.6,-0.0068075283222729256
2017-02-07,362.74,0.003147695671255837
2017-02-08,363.94,0.0033026946958193
2017-02-09,366.79,0.007800458312053514
2017-02-10,367.39,0.0016344769227591845
2017-02-13,370.13,0.007430341160279956
2017-02-14,370.2,0.00018910485920771593
2017-02-15,371.47,0.00342470705644994
2017-02-16,370.1,-0.0036948678037366086
2017-02-17,370.22,0.000324184139428843
2017-02-20,371.04,0.002212449975682454
2017-02-21,373.4,0.006340357600400507
2017-02-22,373.38,-5.356329844063579e-05
2017-02-23,372.85,-0.001420473819377588
2017-02-24,370.01,-0.007646161689730242
2017-02-27,369.52,-0.0013251661777236926
2017-02-28,370.24,0.0019465778829619428
2017-03-01,375.69,0.014612891238738985
2017-03-02,375.61,-0.00021296419619949152
2017-03-03,375.23,-0.0010121997561238518
2017-03-06,373.27,-0.005237152918816857
2017-03-07,372.27,-0.0026826209182726985
2017-03-08,372.58,0.0008323824069245014
2017-03-09,372.89,0.0008316901226586247
2017-03-10,373.23,0.0009113816102883801
2017-03-13,374.64,0.0037707132807769305
2017-03-14,373.46,-0.0031546610843524556
2017-03-15,375.1,0.004381753296907851
2017-03-16,377.73,0.006986997593877213
2017-03-17,378.32,0.0015607436539014049
2017-03-20,377.68,-0.0016931220975889495
2017-03-21,375.67,-0.005336177791267315
2017-03-22,374.03,-0.004375090345451911
2017-03-23,377.2,0.008439542657990304
2017-03-24,376.51,-0.0018309434471092052
2017-03-27,375.01,-0.003991915030665027
2017-03-28,377.3,0.006087934688736539
2017-03-29,378.53,0.003254703004092697
2017-03-30,380.46,0.00508571696563783
2017-03-31,381.14,0.001785714760234753
2017-04-03,379.29,-0.004865677708313874
2017-04-04,380.03,0.0019491129807568128
2017-04-05,380.09,0.00015786981035787126
2017-04-06,380.77,0.0017874515181479467
2017-04-07,381.26,0.0012860387846517392
2017-04-10,381.25,-2.6229164209145172e-05
2017-04-11,381.18,-0.00018362341512448573
2017-04-12,381.9,0.0018870897249735502
2017-04-13,380.58,-0.0034623893576097805
2017-04-18,376.35,-0.011176843393319627
2017-04-19,377.24,0.002362028195142934
2017-04-20,378.06,0.002171323506334992
2017-04-21,378.12,0.00015869237516433552
2017-04-24,386.09,0.020858897351695632
2017-04-25,386.91,0.0021216049355305307
2017-04-26,388.73,0.00469290738025725
2017-04-27,387.79,-0.002421059236472926
2017-04-28,387.09,-0.00180673185632971
2017-05-01,386.64,-0.0011631965950356991
2017-05-02,389.53,0.007446856630795882
2017-05-03,389.37,-0.0004108357998470558
2017-05-04,391.98,0.006680769712936799
2017-05-05,394.54,0.0065097112350088315
2017-05-08,394.04,-0.0012681023282443977
2017-05-09,395.81,0.004481871147322778
2017-05-10,396.45,0.0016156315836068317
2017-05-11,394.39,-0.005209662280944318
2017-05-12,395.63,0.0031391636117630633
2017-05-15,395.97,0.0008590197597462874
2017-05-16,395.91,-0.00015153811212517424
2017-05-17,391.14,-0.012121360532344963
2017-05-18,389.19,-0.004997895913472154
2017-05-19,391.51,0.005943401637779107
2017-05-22,391.14,-0.0009455057243069853
2017-05-23,392.02,0.0022473067326260056
2017-05-24,392.37,0.000892413272041741
2017-05-25,392.14,-0.0005863532818949344
2017-05-26,391.35,-0.002016618636428538
2017-05-29,391.25,-0.0002555583964842593
2017-05-30,390.5,-0.0019187725746223636
2017-05-31,389.99,-0.00130687151042631
2017-06-01,391.66,0.004273018719376102
2017-06-02,392.55,0.002269801155574143
2017-06-05,392.04,-0.0013000422432854141
2017-06-06,389.4,-0.0067567824628798736
2017-06-07,389.18,-0.0005651314080894671
2017-06-08,389.15,-7.708812461267682e-05
2017-06-09,390.39,0.003181366051378441
2017-06-12,386.62,-0.0097039409632299
2017-06-13,388.75,0.00549416499989813
2017-06-14,387.58,-0.0030141843953405867
2017-06-15,386.05,-0.003955384343278502
2017-06-16,388.6,0.006583642188515007
2017-06-19,391.94,0.008558229907568306
2017-06-20,389.21,-0.006989723138406726
2017-06-21,388.5,-0.0018258739047993086
2017-06-22,388.53,7.721709590342256e-05
2017-06-23,387.62,-0.002344908631003855
2017-06-26,389.05,0.003682391790337651
2017-06-27,385.98,-0.00792231541197519
2017-06-28,385.82,-0.0004146151912207339
2017-06-29,380.66,-0.013464351200105236
2017-06-30,379.37,-0.003394606104390593
2017-07-03,383.41,0.01059293053660501
2017-07-04,382.3,-0.0028992719894851983
2017-07-05,382.99,0.0018032384768414409
2017-07-06,380.43,-0.006706687264290571
2017-07-07,380.18,-0.0006573671369104775
2017-07-10,381.64,0.0038329311056377784
2017-07-11,379.15,-0.006545850736700635
2017-07-12,384.9,0.015051655142755938
2017-07-13,386.14,0.0032164377179702344
2017-07-14,386.84,0.0018111728410918407
2017-07-17,386.86,5.169962518943679e-05
2017-07-18,382.58,-0.011125088749444212
2017-07-19,385.54,0.007707167244937959
2017-07-20,384.07,-0.0038201213281587798
2017-07-21,380.16,-0.010232610907061073
2017-07-24,379.23,-0.0024493355586495545
2017-07-25,380.77,0.0040526371256027665
2017-07-26,382.74,0.005160389180740066
2017-07-27,382.32,-0.001097953212016166
2017-07-28,378.34,-0.010464692032385543
2017-07-31,377.85,-0.0012959707707881846
2017-08-01,380.26,0.00635793781471115
2017-08-02,378.63,-0.004295754342791074
2017-08-03,378.93,0.0007920165153446052
2017-08-04,382.53,0.00945559010956667
2017-08-07,382.01,-0.0013602952891519427
2017-08-08,382.65,0.001673946981521787
2017-08-09,379.84,-0.007370621834626936
2017-08-10,376.05,-0.010027998148891036
2017-08-11,372.14,-0.010451985712916787
2017-08-14,376.16,0.010744457232264169
2017-08-15,376.5,0.0009034624481888816
2017-08-16,379.09,0.0068555966701180256
2017-08-17,376.87,-0.005873343514965477
2017-08-18,374.2,-0.007109886555111645
2017-08-21,372.72,-0.003962946331447836
2017-08-22,375.8,0.008229619470823615
2017-08-23,373.92,-0.005015216188817096
2017-08-24,374.51,0.0015766340799200015
2017-08-25,374.07,-0.0011755591938633757
2017-08-28,372.29,-0.004769825217763187
2017-08-29,368.42,-0.010449528734770104
2017-08-30,371.01,0.007005424698004183
2017-08-31,373.88,0.007705873892307311
2017-09-01,376.14,0.006026524199549549
2017-09-04,374.17,-0.005251174919345747
2017-09-05,373.71,-0.0012301440284755128
2017-09-06,373.95,0.0006420030715655381
2017-09-07,374.95,0.0026705851097217656
2017-09-08,375.51,0.0014924182606434503
2017-09-11,379.43,0.01038502458612245
2017-09-12,381.42,0.005231003582208051
2017-09-13,381.34,-0.0002097645400739135
2017-09-14,381.79,0.001179353588924144
2017-09-15,380.71,-0.002832788779599353
2017-09-18,381.95,0.0032517795417452942
2017-09-19,382.12,0.0004449854144390031
2017-09-20,381.98,-0.00036644418679907177
2017-09-21,382.88,0.002353372945054702
2017-09-22,383.22,0.0008876126414896756
2017-09-25,383.9,0.001772865205199019
2017-09-26,384.03,0.0003385725293758988
2017-09-27,385.62,0.0041317540751218615
2017-09-28,386.36,0.0019171486998454407
2017-09-29,388.16,0.00464804844459021
2017-10-02,390.13,0.005062391158127034
2017-10-03,390.72,0.001511174008527369
2017-10-04,390.4,-0.0008193363834026111
2017-10-05,391.03,0.0016124288458239497
2017-10-06,389.47,-0.003997442863141075
2017-10-09,390.21,0.0018982152221386451
2017-10-10,390.16,-0.0001281443419618746
2017-10-11,390.15,-2.5630839027074692e-05
2017-10-12,390.28,0.000333149676979008
2017-10-13,391.42,0.0029167220370738345
2017-10-16,391.41,-2.554833105661227e-05
2017-10-17,390.44,-0.0024812956390021608
2017-10-18,391.56,0.0028644520864651345
2017-10-19,389.11,-0.006276680398865263
2017-10-20,390.13,0.0026179369194481474
2017-10-23,390.74,0.0015623602496770128
2017-10-24,389.33,-0.0036150641239134926
2017-10-25,387.13,-0.005666759104721236
2017-10-26,391.27,0.010637304823879624
2017-10-27,393.43,0.005505302550022531
2017-10-30,393.91,0.0012192954999548904
2017-10-31,395.22,0.00332011507194478
2017-11-01,396.77,0.003914195833161576
2017-11-02,394.94,-0.004622913084654571
2017-11-03,396.06,0.002831860299570989
2017-11-06,396.59,0.0013372865173399973
2017-11-07,394.65,-0.004903705291663083
2017-11-08,394.45,-0.0005069066133127968
2017-11-09,390.07,-0.011166179343815986
2017-11-10,388.69,-0.003544099451624107
2017-11-13,386.13,-0.006608010416262524
2017-11-14,383.86,-0.005896197551663947
2017-11-15,381.96,-0.0049620116957304
2017-11-16,384.93,0.007745608493035006
2017-11-17,383.8,-0.0029399160014370583
2017-11-20,386.39,0.006725638512688313
2017-11-21,388.1,0.004415816288572845
2017-11-22,387.06,-0.002683318602655339
2017-11-23,387.12,0.00015500271285791726
2017-11-24,386.63,-0.0012665591353891545
2017-11-27,384.87,-0.0045625484203153195
2017-11-28,387.02,0.00557075635164269
2017-11-29,387.96,0.002425870244340645
2017-11-30,386.69,-0.0032789030861309987
2017-12-01,383.97,-0.007058913903400839
2017-12-04,387.47,0.009074001905719945
2017-12-05,386.74,-0.0018857938190842962
2017-12-06,386.32,-0.001086591057159387
2017-12-07,386.41,0.00023294035538145173
2017-12-08,389.25,0.0073228287934397965
2017-12-11,389.05,-0.0005139406511685472
2017-12-12,391.63,0.006609646443587014
2017-12-13,390.7,-0.0023775144455013466
2017-12-14,388.91,-0.004592047678869535
2017-12-15,388.19,-0.0018530438966061363
2017-12-18,392.66,0.011449186985053839
2017-12-19,391.02,-0.004185387898259086
2017-12-20,388.37,-0.006800216097138692
2017-12-21,390.69,0.005955913172516378
2017-12-22,390.28,-0.0010499764079723703
2017-12-27,390.54,0.0006659665726017384
2017-12-28,389.54,-0.002563841010597233
2017-12-29,389.18,-0.000924594271744024
2018-01-02,388.35,-0.002134966664353353
2018-01-03,390.22,0.004803687776096296
2018-01-04,393.68,0.008827713915970155
2018-01-05,397.35,0.009279107828465645
2018-01-08,398.41,0.0026641214108513167
2018-01-09,400.11,0.004257883505373111
2018-01-10,398.6,-0.0037811015237184356
2018-01-11,397.25,-0.003392602361869054
2018-01-12,398.49,0.003116598395696276
2018-01-15,397.83,-0.0016576254549043822
2018-01-16,398.35,0.001306237468757845
2018-01-17,397.97,-0.0009543902673396125
2018-01-18,398.73,0.001907870542315661
2018-01-19,400.88,0.005377634550118116
2018-01-22,402.11,0.00306355237798377
2018-01-23,402.81,0.0017393037232735344
2018-01-24,400.79,-0.005027387393130646
2018-01-25,398.56,-0.005579547845725492
2018-01-26,400.57,0.005030481245128769
2018-01-29,399.8,-0.0019241106926994437
2018-01-30,396.12,-0.00924722641319777
2018-01-31,395.46,-0.0016675513604184635
2018-02-01,393.49,-0.004993989718750163
2018-02-02,388.07,-0.013869918851880483
2018-02-05,382.0,-0.015765127115477538
2018-02-06,372.79,-0.024405350189244612
2018-02-07,380.13,0.019498041061596052
2018-02-08,374.03,-0.01617729137761452
2018-02-09,368.61,-0.014596833553722446
2018-02-12,372.93,0.011651559924144227
2018-02-13,370.58,-0.006321388617465309
2018-02-14,374.53,0.010602560703705254
2018-02-15,376.51,0.005272700754219489
2018-02-16,380.62,0.010856894776688107
2018-02-19,378.24,-0.006272587311202663
2018-02-20,380.51,0.005983543387652587
2018-02-21,381.1,0.0015493497144833173
2018-02-22,380.34,-0.00199621835568458
2018-02-23,381.16,0.002153644955857629
2018-02-26,383.06,0.004972400394527518
2018-02-27,382.36,-0.001829061678953265
2018-02-28,379.63,-0.007165479024056551
2018-03-01,374.86,-0.012644471240666316
2018-03-02,367.04,-0.021081788989833004
2018-03-05,370.87,0.010380762947824548
2018-03-06,371.37,0.0013472733229981557
2018-03-07,372.71,0.0036017671449864413
2018-03-08,376.62,0.010436084200680155
2018-03-09,378.24,0.004292193220183268
2018-03-12,379.2,0.002534855603187894
2018-03-13,375.49,-0.009831930689748252
2018-03-14,374.94,-0.0014658265220731874
2018-03-15,376.88,0.00516082122274033
2018-03-16,377.71,0.002199871015325895
2018-03-19,373.68,-0.01072688921325894
2018-03-20,375.57,0.005045055745827997
2018-03-21,374.96,-0.001625518325229999
2018-03-22,369.15,-0.015616288109276129
2018-03-23,365.82,-0.009061656357394747
2018-03-26,363.18,-0.007242830016128867
2018-03-27,367.57,0.012015197573430387
2018-03-28,369.26,0.004587226262515875
2018-03-29,370.87,0.004350593921233548
2018-04-03,369.07,-0.004865268942413938
2018-04-04,367.33,-0.004725701353002505
2018-04-05,376.13,0.023674201721412567
2018-04-06,374.82,-0.0034889175812930235
2018-04-09,375.3,0.001279795407441677
2018-04-10,378.42,0.008278983762639757
2018-04-11,376.18,-0.005936937660956412
2018-04-12,378.82,0.006993405985937041
2018-04-13,379.2,0.001002612152271156
2018-04-16,377.74,-0.003857642113166706
2018-04-17,380.77,0.007989390033478861
2018-04-18,381.86,0.002858530984139741
2018-04-19,381.95,0.00023566070205013092
2018-04-20,381.84,-0.00028803728972761917
2018-04-23,383.18,0.0035031799702051857
2018-04-24,383.11,-0.0001826984567061637
2018-04-25,380.17,-0.007703633109072852
2018-04-26,383.75,0.00937277779933963
2018-04-27,384.64,0.002316533005381122
2018-04-30,385.32,0.0017663259826348604
2018-05-01,385.03,-0.000752904559484033
2018-05-02,387.44,0.006239744765034786
2018-05-03,384.62,-0.0073051642122723805
2018-05-04,387.03,0.006246375522453663
2018-05-07,389.51,0.006387329517027953
2018-05-08,390.0,0.0012572002015092513
2018-05-09,392.44,0.0062369201714979105
2018-05-10,391.97,-0.001198353045589121
2018-05-11,392.4,0.001096421441607011
2018-05-14,392.19,-0.0005353114493296237
2018-05-15,392.37,0.0004588559272924431
2018-05-16,393.21,0.0021385481303932384
2018-05-17,395.79,0.006539947264231229
2018-05-18,394.67,-0.0028337948776744376
2018-05-21,395.87,0.0030359018434737172
2018-05-22,396.94,0.002699261234518326
2018-05-23,392.58,-0.011044797654410235
2018-05-24,390.54,-0.005209941297351367
2018-05-25,391.08,0.0013817458251193337
2018-05-28,389.82,-0.0032270485169758507
2018-05-29,384.47,-0.01381933162580227
2018-05-30,385.49,0.0026494898350111
2018-05-31,383.06,-0.006323617455188389
2018-06-01,386.91,0.010000472969894595
2018-06-04,388.11,0.0030966967535106366
2018-06-05,386.89,-0.00314838969743537
2018-06-06,386.88,-2.5847474057047654e-05
2018-06-07,385.94,-0.0024326504582180453
2018-06-08,385.12,-0.0021269429334479246
2018-06-11,387.94,0.007295714455383748
2018-06-12,387.53,-0.0010574233386288967
2018-06-13,388.25,0.0018561968772797621
2018-06-14,393.04,0.0122619258315965
2018-06-15,389.13,-0.009997909839701462
2018-06-18,385.91,-0.008309296363785787
2018-06-19,383.21,-0.007021039867292834
2018-06-20,384.29,0.0028143341051278
2018-06-21,380.85,-0.008991879075943541
2018-06-22,385.01,0.010863711157641842
2018-06-25,377.05,-0.020891503327782956
2018-06-26,377.25,0.0005302929993021533
2018-06-27,379.97,0.007184204587544669
2018-06-28,376.87,-0.008192001840402086
2018-06-29,379.93,0.008086724830171824
2018-07-02,376.75,-0.008405187718667866
2018-07-03,379.81,0.008089290172144353
2018-07-04,380.05,0.000631695333300317
2018-07-05,381.59,0.004043910767979297
2018-07-06,382.36,0.0020158394155329463
2018-07-09,384.59,0.005815258581042882
2018-07-10,386.25,0.004306996435350362
2018-07-11,381.4,-0.012636135045636578
2018-07-12,384.37,0.0077569371797760285
2018-07-13,385.03,0.0017156229838443493
2018-07-16,384.05,-0.00254850088524784
2018-07-17,384.98,0.0024186324417984828
2018-07-18,387.06,0.005388334885715793
2018-07-19,386.18,-0.0022761377578126886
2018-07-20,385.62,-0.0014511534031428851
2018-07-23,384.88,-0.0019208312200515532
2018-07-24,388.18,0.008537552181382729
2018-07-25,387.17,-0.002605276510681113
2018-07-26,390.53,0.008640917850850242
2018-07-27,392.08,0.003961109688541761
2018-07-30,390.92,-0.0029629651306569606
2018-07-31,391.61,0.001763511121166755
2018-08-01,389.84,-0.0045300480565511995
2018-08-02,386.64,-0.00824237099842207
2018-08-03,389.16,0.006496542570398412
2018-08-06,388.66,-0.0012856446706695003
2018-08-07,390.49,0.004697435320665617
2018-08-08,389.69,-0.002050809506493322
2018-08-09,390.05,0.000923384783592449
2018-08-10,385.86,-0.010800326659495364
2018-08-13,384.91,-0.0024650686483937674
2018-08-14,384.92,2.597976176699416e-05
2018-08-15,379.7,-0.013654053250443561
2018-08-16,381.43,0.004545880412563609
2018-08-17,381.06,-0.0009705046073818306
2018-08-20,383.23,0.005678488089622423
2018-08-21,384.15,0.002397770181082999
2018-08-22,384.02,-0.0003384667488734117
2018-08-23,383.38,-0.0016679701547562375
2018-08-24,383.56,0.000469397875466252
2018-08-27,385.57,0.005226696594393116
2018-08-28,385.46,-0.00028533260896808284
2018-08-29,386.58,0.0029014061077006848
2018-08-30,385.36,-0.003160870056640617
2018-08-31,382.26,-0.008076956965513615
2018-09-03,382.51,0.00065379135924545
2018-09-04,379.83,-0.007031012515425773
2018-09-05,375.68,-0.010986067000594504
2018-09-06,373.47,-0.005900037137872558
2018-09-07,373.77,0.0008029549170772471
2018-09-10,375.51,0.00464446702916032
2018-09-11,375.31,-0.0005327508716613183
2018-09-12,377.08,0.004705015391569179
2018-09-13,376.52,-0.0014861998489301494
2018-09-14,377.85,0.003526124787709417
2018-09-17,378.31,0.0012166738699339549
2018-09-18,378.73,0.0011095848121400538
2018-09-19,379.98,0.0032950696075910993
2018-09-20,382.63,0.006949845048761083
2018-09-21,384.29,0.0043290110895857
2018-09-24,382.14,-0.005610442283411265
2018-09-25,383.89,0.004569019606038677
2018-09-26,385.04,0.0029911717774859167
2018-09-27,386.38,0.0034741161695539054
2018-09-28,383.18,-0.008316488496561582
2018-10-01,383.94,0.0019814377115776535
2018-10-02,381.94,-0.005222762172155936
2018-10-03,383.84,0.0049622708841164645
2018-10-04,379.68,-0.010897006403930912
2018-10-05,376.41,-0.008649817847735313
2018-10-08,372.21,-0.011220763716828373
2018-10-09,372.93,0.0019325233488438967
2018-10-10,366.93,-0.01621964030435235
2018-10-11,359.65,-0.020039757854016283
2018-10-12,358.95,-0.001948233290873175
2018-10-15,359.31,0.0010024226050330141
2018-10-16,364.99,0.015684430319380587
2018-10-17,363.54,-0.003980623761953056
2018-10-18,361.67,-0.005157138331113247
2018-10-19,361.24,-0.001189636471241465
2018-10-22,359.74,-0.004161009082773267
2018-10-23,354.06,-0.015915158002692307
2018-10-24,353.27,-0.002233753208503819
2018-10-25,355.07,0.005082316047346793
2018-10-26,352.34,-0.007718334636981161
2018-10-29,355.51,0.008956759743895343
2018-10-30,355.53,5.625562557739156e-05
2018-10-31,361.61,0.016956649134422554
2018-11-01,363.08,0.00405691265553714
2018-11-02,364.08,0.0027504280499598996
2018-11-05,363.5,-0.0015943267348123838
2018-11-06,362.55,-0.0026169011559723145
2018-11-07,366.39,0.010535944033505057
2018-11-08,367.08,0.0018814680997055703
2018-11-09,365.74,-0.0036571095043253913
2018-11-12,362.03,-0.010195617126310537
2018-11-13,364.44,0.006634847525481317
2018-11-14,362.27,-0.005972138678915848
2018-11-15,358.43,-0.01065640721192149
2018-11-16,357.71,-0.002010780692586281
2018-11-19,355.11,-0.007295001628322183
2018-11-20,351.06,-0.011470451605712218
2018-11-21,355.07,0.01135780410777561
2018-11-22,352.57,-0.007065769038076395
2018-11-23,353.98,0.003991230264708851
2018-11-26,358.33,0.012213935162197502
2018-11-27,357.4,-0.0025987467994775908
2018-11-28,357.39,-2.7980245948186797e-05
2018-11-29,358.1,0.0019846545250075593
2018-11-30,357.49,-0.0017048872895212026
2018-12-03,361.18,0.01026905930933127
2018-12-04,358.43,-0.007643066069376856
2018-12-05,354.27,-0.011674048673520517
2018-12-06,343.31,-0.03142550520024129
2018-12-07,345.45,0.006214085853745312
2018-12-10,338.99,-0.018877306514517335
2018-12-11,344.18,0.015194167916478523
2018-12-12,350.0,0.016768378146694345
2018-12-13,349.42,-0.0016585174371608249
2018-12-14,347.21,-0.006344852831550651
2018-12-17,343.26,-0.011441606706255521
2018-12-18,340.46,-0.008190533122068
2018-12-19,341.52,0.003108598063282271
2018-12-20,336.58,-0.014570380164779318
2018-12-21,336.67,0.0002673598233527109
2018-12-24,335.24,-0.004256528877574514
2018-12-27,329.58,-0.0170275766481215
2018-12-28,336.23,0.019976333010582863
2018-12-31,337.65,0.004214406427684021
2019-01-02,337.21,-0.0013039743423706354
2019-01-03,333.92,-0.009804438349589596
2019-01-04,343.38,0.027936262320175313
2019-01-07,342.88,-0.0014571739237990299
2019-01-08,345.85,0.008624623321327027
2019-01-09,347.7,0.005334883967221902
2019-01-10,348.88,0.003387984520695278
2019-01-11,349.2,0.0009168004309362193
2019-01-14,347.51,-0.004851382396232334
2019-01-15,348.71,0.003447189647845253
2019-01-16,350.59,0.0053768183304979565
2019-01-17,350.73,0.0003992471392793836
2019-01-18,357.05,0.017859131308281692
2019-01-21,356.36,-0.0019343721426759483
2019-01-22,355.09,-0.003570177381317143
2019-01-23,354.89,-0.0005633961669068168
2019-01-24,355.67,0.0021954523567348006
2019-01-25,357.84,0.006082624463638732
2019-01-28,354.38,-0.00971617539466927
2019-01-29,357.23,0.008010048307897009
2019-01-30,358.51,0.0035767216156137142
2019-01-31,358.67,0.00044619203729755257
2019-02-01,359.71,0.0028954055696398216
2019-02-04,359.92,0.0005836332725455693
2019-02-05,364.99,0.01398817141398877
2019-02-06,365.52,0.0014510413081101736
2019-02-07,360.08,-0.01499476827033877
2019-02-08,358.07,-0.005597730971360933
2019-02-11,361.12,0.00848181505590935
2019-02-12,362.78,0.00458627686059775
2019-02-13,364.97,0.006018568493916786
2019-02-14,363.8,-0.003210892339718246
2019-02-15,368.94,0.014029763109411456
2019-02-18,369.78,0.002274205008773416
2019-02-19,368.97,-0.0021928942797778354
2019-02-20,371.46,0.0067258468367667286
2019-02-21,370.41,-0.0028306865114337107
2019-02-22,371.23,0.0022113163641240934
2019-02-25,372.18,0.002555791601195129
2019-02-26,373.64,0.0039151587915667845
2019-02-27,372.58,-0.0028409871430854204
2019-02-28,372.8,0.0005903029498737296
2019-03-01,374.24,0.003855220024432832
2019-03-04,375.09,0.002268694339148955
2019-03-05,375.64,0.0014652407613949148
2019-03-06,375.48,-0.00042603046762168463
2019-03-07,373.88,-0.004270317154408431
2019-03-08,370.57,-0.008892529550853163
2019-03-11,373.47,0.007795319298274871
2019-03-12,373.25,-0.0005892436425045945
2019-03-13,375.6,0.006276310914808097
2019-03-14,378.52,0.007744164305924093
2019-03-15,381.1,0.006792896239782682
2019-03-18,382.11,0.0026467173899632672
2019-03-19,384.29,0.005688950624962775
2019-03-20,380.84,-0.009018136477250098
2019-03-21,380.69,-0.0003939437761871053
2019-03-22,376.03,-0.012316468200198577
2019-03-25,374.33,-0.004531166129920046
2019-03-26,377.2,0.00763778944811754
2019-03-27,377.28,0.00021206658970359947
2019-03-28,376.84,-0.0011669231685391057
2019-03-29,379.09,0.005952949729599406
2019-04-01,383.67,0.012009164203272074
2019-04-02,385.03,0.003538445216600411
2019-04-03,388.92,0.010052413611517458
2019-04-04,387.87,-0.0027034350068847754
2019-04-05,388.23,0.0009277155671169696
2019-04-08,387.51,-0.001856292589654694
2019-04-09,385.68,-0.004733644814666938
2019-04-10,386.68,0.0025894674990377675
2019-04-11,386.91,0.0005946302480048977
2019-04-12,387.53,0.001601157307107102
2019-04-15,388.1,0.0014697732233439071
2019-04-16,389.21,0.002856005337640769
2019-04-17,389.59,0.0009758603753370732
2019-04-18,390.46,0.0022306271668176138
2019-04-23,391.35,0.002276768996191135
2019-04-24,390.98,-0.0009458924688736612
2019-04-25,390.15,-0.002125127219203363
2019-04-26,391.01,0.0022018545431196804
2019-04-29,391.32,0.0007925044833380768
2019-04-30,391.35,7.666066161920846e-05
2019-05-01,391.09,-0.0006645877244765735
2019-05-02,388.84,-0.005769764573502526
2019-05-03,390.37,0.0039270593711025455
2019-05-06,386.95,-0.008799521607502666
2019-05-07,381.64,-0.01381772983282296
2019-05-08,382.23,0.0015447657777541098
2019-05-09,375.92,-0.01664616686683885
2019-05-10,377.14,0.0032401165042162754
2019-05-13,372.57,-0.012191531670725632
2019-05-14,376.34,0.010068050488447413
2019-05-15,378.06,0.004559923065520778
2019-05-16,382.88,0.012668710978044142
2019-05-17,381.51,-0.0035845614592980557
2019-05-20,377.46,-0.010672459890771872
2019-05-21,379.5,0.005389994025691396
2019-05-22,379.19,-0.000817198110563822
2019-05-23,373.79,-0.014343256335450014
2019-05-24,375.89,0.005602405006701392
2019-05-27,376.71,0.0021791132726100507
2019-05-28,375.9,-0.0021525100988498583
2019-05-29,370.51,-0.014442715644922775
2019-05-30,372.07,0.004201573688809646
2019-05-31,369.06,-0.008122776165687184
2019-06-03,370.49,0.003867221370251885
2019-06-04,372.67,0.0058668557321771364
2019-06-05,374.08,0.0037763687329426306
2019-06-06,374.01,-0.0001871432587103096
2019-06-07,377.48,0.009235052128139161
2019-06-10,378.27,0.0020906392001122493
2019-06-11,380.89,0.006902393176810334
2019-06-12,379.74,-0.0030238115147859157
2019-06-13,380.33,0.001552488898397637
2019-06-14,378.81,-0.004004536794968038
2019-06-17,378.46,-0.0009243731427943326
2019-06-18,384.78,0.016561355412922158
2019-06-19,384.77,-2.5989214477460807e-05
2019-06-20,386.16,0.0036060381778884134
2019-06-21,384.76,-0.003632028067822731
2019-06-24,383.79,-0.002524235287361489
2019-06-25,383.4,-0.001016697385509296
2019-06-26,382.2,-0.003134798805371392
2019-06-27,382.21,2.6163969598991506e-05
2019-06-28,384.87,0.006935419153587059
2019-07-01,387.87,0.007764617005212943
2019-07-02,389.29,0.0036543352211710098
2019-07-03,392.58,0.008415770953959683
2019-07-04,392.94,0.0009165903483148848
2019-07-05,390.11,-0.007228177821258836
2019-07-08,389.9,-0.0005384546482067053
2019-07-09,387.92,-0.005091163191454719
2019-07-10,387.15,-0.0019869179643643973
2019-07-11,386.7,-0.0011630162194811483
2019-07-12,386.85,0.0003878223822122725
2019-07-15,387.75,0.0023237810611846568
2019-07-16,389.1,0.0034755779338597414
2019-07-17,387.66,-0.003707713192378796
2019-07-18,386.8,-0.0022209032189898863
2019-07-19,387.25,0.0011627157178386977
2019-07-22,387.74,0.0012645326140833318
2019-07-23,391.54,0.009752669437335314
2019-07-24,391.73,0.0004851456170328551
2019-07-25,389.52,-0.005657615090983961
2019-07-26,390.73,0.003101572495973083
2019-07-29,390.85,0.0003070702959209088
2019-07-30,385.11,-0.014794846901394612
2019-07-31,385.77,0.0017123291855122972
2019-08-01,387.68,0.004938920117758469
2019-08-02,378.15,-0.024889314766177183
2019-08-05,369.43,-0.023329665057000907
2019-08-06,367.71,-0.0046666932238540815
2019-08-07,368.6,0.00241746121453954
2019-08-08,374.71,0.01644034822488012
2019-08-09,371.56,-0.00844203494128313
2019-08-12,370.41,-0.00309985827155801
2019-08-13,372.4,0.005358045155149864
2019-08-14,366.16,-0.01689814905752525
2019-08-15,365.09,-0.002926497815133039
2019-08-16,369.63,0.012358606774432759
2019-08-19,373.86,0.01137889047949908
2019-08-20,371.3,-0.00687103460115122
2019-08-21,375.8,0.012046725796330524
2019-08-22,374.29,-0.004026188963411458
2019-08-23,371.36,-0.007858955489826645
2019-08-26,371.28,-0.00021544759320664465
2019-08-27,373.62,0.006282743179495209
2019-08-28,372.86,-0.0020362240451001485
2019-08-29,376.74,0.010352280286757685
2019-08-30,379.48,0.0072466001706030375
2019-09-02,380.69,0.003183501116627393
2019-09-03,379.81,-0.0023142679625542816
2019-09-04,383.18,0.008833724989097244
2019-09-05,385.92,0.0071252414309196654
2019-09-06,387.14,0.003156290618633603
2019-09-09,386.06,-0.002793586917670417
2019-09-10,386.44,0.0009838188495796415
2019-09-11,389.71,0.008426256130813764
2019-09-12,390.48,0.001973878798769538
2019-09-13,391.79,0.0033492303796895306
2019-09-16,389.53,-0.005785097790957206
2019-09-17,389.33,-0.0005135711280484803
2019-09-18,389.41,0.0002054601029393518
2019-09-19,391.8,0.006118732367925179
2019-09-20,392.95,0.0029308718017435793
2019-09-23,389.8,-0.008048590238723435
2019-09-24,389.84,0.000102611461790221
2019-09-25,387.59,-0.005788318645061583
2019-09-26,389.95,0.0060704458863179815
2019-09-27,391.79,0.004707456182074443
2019-09-30,393.15,0.003465236478943456
2019-10-01,387.99,-0.013211652342262292
2019-10-02,377.52,-0.027356018677130584
2019-10-03,377.46,-0.0001589446081388158
2019-10-04,380.22,0.007285429753487542
2019-10-07,382.91,0.007049942058237436
2019-10-08,378.71,-0.01102923393638339
2019-10-09,380.3,0.004189674248879241
2019-10-10,382.76,0.0064477459768480655
2019-10-11,391.61,0.022858285680739884
2019-10-14,389.69,-0.004914895341072201
2019-10-15,394.02,0.011050118180206564
2019-10-16,393.46,-0.0014222585828167263
2019-10-17,393.08,-0.0009662573538934713
2019-10-18,391.84,-0.0031595602903684815
2019-10-21,394.22,0.006055535894926
2019-10-22,394.59,0.0009381220500134002
2019-10-23,395.03,0.0011144602354063071
2019-10-24,397.37,0.005906125194466165
2019-10-25,398.01,0.0016092940182657494
2019-10-28,398.99,0.002459223322213202
2019-10-29,398.37,-0.0015551322488023766
2019-10-30,398.7,0.0008280327169634649
2019-10-31,396.75,-0.004902894980790809
2019-11-01,399.43,0.006732171423384574
2019-11-04,403.41,0.00991488367398514
2019-11-05,404.23,0.002030608394244115
2019-11-06,405.07,0.0020758687795529797
2019-11-07,406.56,0.0036716278941685576
2019-11-08,405.42,-0.0028079527797157237
2019-11-11,405.34,-0.00019734570097108348
2019-11-12,406.9,0.003841233916477162
2019-11-13,405.86,-0.002559182458821405
2019-11-14,404.41,-0.003579057716151095
2019-11-15,406.04,0.004022462083558641
2019-11-18,405.99,-0.00012314815970638327
2019-11-19,405.5,-0.0012076552010563963
2019-11-20,403.82,-0.0041516394332395765
2019-11-21,402.22,-0.003970031515771222
2019-11-22,403.98,0.004366169178787735
2019-11-25,408.09,0.010122366528203756
2019-11-26,408.49,0.0009796958828123738
2019-11-27,409.81,0.003226203458200026
2019-11-28,409.25,-0.0013674214032165697
2019-11-29,407.43,-0.004457077467157685
2019-12-02,401.01,-0.015882774132595267
2019-12-03,398.48,-0.006329055886463361
2019-12-04,403.19,0.011750606097264867
2019-12-05,402.66,-0.0013153814640897929
2019-12-06,407.35,0.011580233358447753
2019-12-09,406.39,-0.002359477094331296
2019-12-10,405.34,-0.0025870685711524093
2019-12-11,406.22,0.002168663672172532
2019-12-12,407.58,0.0033423476679258365
2019-12-13,412.02,0.010834659429374385
2019-12-16,417.75,0.013811275614863202
2019-12-17,414.92,-0.006797436911875722
2019-12-18,414.38,-0.0013023033312908427
2019-12-19,415.07,0.0016637534731793497
2019-12-20,418.4,0.007990732045197117
2019-12-23,418.27,-0.0003107557365416372
2019-12-24,418.86,0.0014095781961935895
2019-12-27,419.74,0.002098736758910139
2019-12-30,416.17,-0.008541641338099832
2019-12-31,415.84,-0.000793259737995303
2020-01-02,419.72,0.009287251396530204
2020-01-03,418.33,-0.0033172275511714803
2020-01-06,416.63,-0.004072056982528848
2020-01-07,417.67,0.002493109286071655
2020-01-08,418.36,0.0016506588439859865
2020-01-09,419.64,0.003054894977217228
2020-01-10,419.14,-0.0011922078714879179
2020-01-13,418.39,-0.0017909811003207312
2020-01-14,419.59,0.0028640321255110684
2020-01-15,419.63,9.532661287926538e-05
2020-01-16,420.54,0.0021662291104220205
2020-01-17,424.56,0.009513738779350986
2020-01-20,423.98,-0.0013670542115330011
2020-01-21,423.38,-0.0014161633786724513
2020-01-22,423.04,-0.0008033837061672454
2020-01-23,420.03,-0.00714059992532329
2020-01-24,423.64,0.008557900677524844
2020-01-27,414.07,-0.022848996317321776
2020-01-28,417.56,0.008393204881950955
2020-01-29,419.41,0.0044207152295436414
2020-01-30,415.16,-0.010184973672552913
2020-01-31,410.71,-0.010776618758002223
2020-02-03,411.72,0.002456137319272737
2020-02-04,418.47,0.01626169611389477
2020-02-05,423.62,0.012231624193598654
2020-02-06,425.49,0.004404619008773535
2020-02-07,424.36,-0.002659294383555126
2020-02-10,424.64,0.0006595995527718937
2020-02-11,428.48,0.009002311358964999
2020-02-12,431.16,0.006235188410619988
2020-02-13,431.08,-0.00018556318479676597
2020-02-14,430.52,-0.0012999073325334594
2020-02-17,431.98,0.0033855104800099567
2020-02-18,430.33,-0.0038269346609595767
2020-02-19,433.9,0.008261736589157138
2020-02-20,430.19,-0.008587121243169068
2020-02-21,428.07,-0.004940237950542381
2020-02-24,411.86,-0.03860324783339147
2020-02-25,404.6,-0.017784561043556933
2020-02-26,404.62,4.94303156225513e-05
2020-02-27,389.45,-0.03821286768331019
2020-02-28,375.65,-0.03607762855078797
2020-03-02,375.97,0.0008514941575118042
2020-03-03,381.13,0.013631171305111395
2020-03-04,386.3,0.013473745394442823
2020-03-05,380.76,-0.014445014289131182
2020-03-06,366.8,-0.03735251500079469
2020-03-09,339.5,-0.07734279338355901
2020-03-10,335.64,-0.011434789996882244
2020-03-11,333.17,-0.007386286777071955
2020-03-12,294.93,-0.12191483017785404
2020-03-13,299.16,0.014240507276524365
2020-03-16,284.63,-0.049788456119771965
2020-03-17,291.07,0.022373696868505204
2020-03-18,279.66,-0.0399892084594955
2020-03-19,287.8,0.02869121484056287
2020-03-20,293.04,0.01804332401729159
2020-03-23,280.43,-0.04398497901888194
2020-03-24,304.0,0.08070356195454471
2020-03-25,313.38,0.030388810270040596
2020-03-26,321.38,0.02520771193734486
2020-03-27,310.9,-0.03315290654889909
2020-03-30,314.88,0.012720296799180537
2020-03-31,320.06,0.0163168643539555
2020-04-01,310.77,-0.029455389479723953
2020-04-02,312.08,0.004206476460280671
2020-04-03,309.06,-0.00972413239285211
2020-04-06,320.58,0.036596422392186
2020-04-07,326.61,0.01863494336346349
2020-04-08,326.67,0.00018368846488092913
2020-04-09,331.8,0.015581890730264829
2020-04-14,333.89,0.006279219658228911
2020-04-15,323.06,-0.03297353292896105
2020-04-16,324.92,0.0057409336971412095
2020-04-17,333.47,0.025973908104240814
2020-04-20,335.7,0.006664997698995136
2020-04-21,324.31,-0.03451805550211891
2020-04-22,330.14,0.0178169584355246
2020-04-23,333.24,0.009346144187313525
2020-04-24,329.59,-0.011013493337478428
2020-04-27,335.44,0.01759364509327722
2020-04-28,341.09,0.01670326921648316
2020-04-29,347.06,0.017351303583367346
2020-04-30,340.03,-0.02046382665053775
2020-05-01,337.39,-0.007794317750559681
2020-05-04,328.44,-0.026885358420672318
2020-05-05,335.5,0.021267783571148505
2020-05-06,334.34,-0.003463517137251867
2020-05-07,337.98,0.010828282860192988
2020-05-08,341.05,0.009042371966050792
2020-05-11,339.7,-0.00396621893419021
2020-05-12,340.57,0.0025578093237188767
2020-05-13,333.97,-0.019569515906928004
2020-05-14,326.71,-0.02197824132323598
2020-05-15,328.24,0.004672120873837731
2020-05-18,341.59,0.039866139347308184
2020-05-19,339.49,-0.006166695997298921
2020-05-20,342.82,0.009761036594970896
2020-05-21,340.26,-0.007495496824919357
2020-05-22,340.17,-0.0002645386021333982
2020-05-25,345.18,0.014620527451398862
2020-05-26,348.92,0.010776649461760827
2020-05-27,349.75,0.002375943980572819
2020-05-28,355.47,0.016222243951167795
2020-05-29,350.36,-0.014479660201870052
2020-06-01,354.2,0.010900528053844918
2020-06-02,359.77,0.015603213036058855
2020-06-03,368.92,0.025114879982726185
2020-06-04,366.25,-0.007263658036241165
2020-06-05,375.32,0.024462835090571757
2020-06-08,374.12,-0.0032023938554986836
2020-06-09,369.54,-0.012317612639343311
2020-06-10,368.15,-0.0037685251122811987
2020-06-11,353.07,-0.04182412625704517
2020-06-12,354.06,0.0028000527394519453
2020-06-15,353.09,-0.0027434083528954816
2020-06-16,363.33,0.028588530256831734
2020-06-17,366.02,0.007376464516067448
2020-06-18,363.41,-0.007156303247049117
2020-06-19,365.46,0.00562516060636101
2020-06-22,362.7,-0.007580787787591549
2020-06-23,367.4,0.012875126492168607
2020-06-24,357.17,-0.02823931386790005
2020-06-25,359.74,0.0071696893866995594
2020-06-26,358.32,-0.003955106400780155
2020-06-29,359.89,0.0043719873039452664
2020-06-30,360.34,0.001249600984564194
2020-07-01,361.19,0.002356105479224267
2020-07-02,368.29,0.01946653563718378
2020-07-03,365.43,-0.00779592892398469
2020-07-06,371.21,0.015693197824374654
2020-07-07,368.96,-0.006079703123657698
2020-07-08,366.48,-0.006744287502207405
2020-07-09,363.64,-0.007779582324829279
2020-07-10,366.83,0.00873415822472722
2020-07-13,370.5,0.009954919257756972
2020-07-14,367.4,-0.008402271955116336
2020-07-15,373.87,0.017456970625967135
2020-07-16,372.13,-0.00466488781600459
2020-07-17,372.71,0.0015573817658274946
2020-07-20,375.51,0.0074844646512266045
2020-07-21,376.69,0.00313746601425947
2020-07-22,373.44,-0.008665218924110082
2020-07-23,373.65,0.0005621812781078398
2020-07-24,367.29,-0.01716780362236533
2020-07-27,366.15,-0.003108641246855097
2020-07-28,367.68,0.004169909153312276
2020-07-29,367.45,-0.0006257396855106734
2020-07-30,359.52,-0.021817446537861194
2020-07-31,356.33,-0.008912540660787865
2020-08-03,363.64,0.020307099477426406
2020-08-04,363.39,-0.0006877295568369679
2020-08-05,365.16,0.0048589760000595774
2020-08-06,362.49,-0.007338725989553553
2020-08-07,363.55,0.002919951388739387
2020-08-10,364.65,0.00302115033417603
2020-08-11,370.76,0.016616963577389947
2020-08-12,374.88,0.011051021751853702
2020-08-13,372.53,-0.006288403270042716
2020-08-14,368.07,-0.012044434018241585
2020-08-17,369.26,0.0032278654963959438
2020-08-18,367.18,-0.0056488119355374705
2020-08-19,369.58,0.006515034717219864
2020-08-20,365.64,-0.010717982963661509
2020-08-21,365.09,-0.0015053442553642565
2020-08-24,370.85,0.015653769652313326
2020-08-25,369.75,-0.0029705665916580025
2020-08-26,373.12,0.009072982131163629
2020-08-27,370.72,-0.006453023038006764
2020-08-28,368.8,-0.005192569001627365
2020-08-31,366.51,-0.006228685598360637
2020-09-01,365.23,-0.0034985139682319564
2020-09-02,371.28,0.01642920281707411
2020-09-03,366.08,-0.014104606181541935
2020-09-04,361.93,-0.011401065789774168
2020-09-07,367.97,0.016550590145118876
2020-09-08,363.75,-0.01153459462102074
2020-09-09,369.65,0.01608979351740682
2020-09-10,367.48,-0.005887716599843301
2020-09-11,367.96,0.0013053412056907201
2020-09-14,368.51,0.0014936116942943143
2020-09-15,370.96,0.006626391779954536
2020-09-16,373.13,0.005832644308885944
2020-09-17,371.23,-0.0051050677802050495
2020-09-18,368.78,-0.006621556334867658
2020-09-21,356.82,-0.03296880733046126
2020-09-22,357.55,0.0020437595478477273
2020-09-23,359.53,0.005522410420051346
2020-09-24,355.85,-0.010288329169176038
2020-09-25,355.51,-0.0009559155023906806
2020-09-28,363.39,0.021923259453930914
2020-09-29,361.49,-0.005242258997904615
2020-09-30,361.09,-0.0011071439587559797
2020-10-01,361.8,0.001964338221034906
2020-10-02,362.69,0.002456901952262152
2020-10-05,365.63,0.00807341819283432
2020-10-06,365.88,0.0006835176818724601
2020-10-07,365.45,-0.0011759398617630333
2020-10-08,368.31,0.007795503934457484
2020-10-09,370.35,0.005523529598440012
2020-10-12,373.0,0.007129915184517347
2020-10-13,370.96,-0.005484179560610262
2020-10-14,370.62,-0.0009169611473426046
2020-10-15,362.91,-0.021022409295996202
2020-10-16,367.48,0.012514025763399158
2020-10-19,366.81,-0.0018248925790574028
2020-10-20,365.51,-0.003550364227525516
2020-10-21,360.79,-0.012997566978567661
2020-10-22,360.27,-0.0014423212774137568
2020-10-23,362.5,0.006170723954027833
2020-10-26,355.95,-0.01823420274484729
2020-10-27,352.58,-0.009512724692284976
2020-10-28,342.17,-0.02996985727296214
2020-10-29,341.76,-0.0011989532528599257
2020-10-30,342.36,0.0017540786816337337
2020-11-02,347.86,0.01593728496659823
2020-11-03,356.01,0.0231587203651502
2020-11-04,363.31,0.020297643964231806
2020-11-05,367.12,0.010432305777188863
2020-11-06,366.4,-0.001963137286602939
2020-11-09,380.99,0.03904749526311459
2020-11-10,384.42,0.008962576815895523
2020-11-11,388.56,0.010711893158504166
2020-11-12,385.16,-0.008788765665406074
2020-11-13,385.18,5.192512398290908e-05
2020-11-16,389.74,0.011769092639922372
2020-11-17,388.82,-0.00236333854349464
2020-11-18,390.54,0.004413885219857184
2020-11-19,387.6,-0.007556516795739801
2020-11-20,389.61,0.005172358773497405
2020-11-23,388.84,-0.0019782908372404876
2020-11-24,392.39,0.009088295213816001
2020-11-25,392.09,-0.0007648378916592931
2020-11-26,391.63,-0.0011738887684986533
2020-11-27,393.23,0.004077165905860945
2020-11-30,389.36,-0.009890316887188123
2020-12-01,391.9,0.00650233968038671
2020-12-02,391.69,-0.0005359946018390982
2020-12-03,391.72,7.658824884711471e-05
2020-12-04,394.04,0.0059051281348846355
2020-12-07,392.84,-0.003050022697905006
2020-12-08,393.64,0.0020343817412112027
2020-12-09,394.9,0.003195782261818941
2020-12-10,393.15,-0.004441349855078748
2020-12-11,390.12,-0.007736834333710727
2020-12-14,391.85,0.004424729395059326
2020-12-15,392.84,0.002523290790699861
2020-12-16,396.08,0.008213806763594175
2020-12-17,397.28,0.0030251107066887983
2020-12-18,395.9,-0.003479667647771565
2020-12-21,386.69,-0.023538315672873948
2020-12-22,391.25,0.011723403415151957
2020-12-23,395.49,0.010778760583625265
2020-12-24,395.98,0.0012382024905642336
2020-12-28,398.58,0.006544525976652268
2020-12-29,401.61,0.007573237560711412
2020-12-30,400.25,-0.003392116589091986
2020-12-31,399.03,-0.0030527498435096068
2021-01-04,401.69,0.006644044822404791
2021-01-05,400.94,-0.0018688566793892288
2021-01-06,406.41,0.013550712084424644
2021-01-07,408.49,0.00510493193550601
2021-01-08,411.17,0.006539320084745117
2021-01-11,408.41,-0.0067351824920306065
2021-01-12,408.61,0.0004895841080876425
2021-01-13,409.07,0.0011251346456491735
2021-01-14,412.0,0.007137058806814304
2021-01-15,407.85,-0.010123889602936935
2021-01-18,408.68,0.0020329939766333517
2021-01-19,407.92,-0.0018613769763225593
2021-01-20,410.84,0.007132767550703234
2021-01-21,410.89,0.00012169447400423447
2021-01-22,408.54,-0.005735710048677337
2021-01-25,405.13,-0.008381825467585837
2021-01-26,407.7,0.006323606569863276
2021-01-27,402.98,-0.011644676901587513
2021-01-28,403.39,0.0010169029982053015
2021-01-29,395.85,-0.01886848430438269
2021-02-01,400.77,0.012352345052387598
2021-02-02,405.92,0.012768399181141397
2021-02-03,407.27,0.00332026030869591
2021-02-04,409.54,0.005558222460746575
2021-02-05,409.54,0.0
2021-02-08,410.78,0.003023212757088429
2021-02-09,410.42,-0.0008767657648843301
2021-02-10,409.47,-0.0023173850764044057
2021-02-11,411.35,0.004580793078725443
2021-02-12,414.0,0.006421540210374997
2021-02-15,419.47,0.013126035817925652
2021-02-16,419.2,-0.0006438766364077122
2021-02-17,416.1,-0.0074225170179367285
2021-02-18,412.7,-0.008204679230359575
2021-02-19,414.88,0.0052683850318181544
2021-02-22,413.06,-0.004396460930850432
2021-02-23,411.32,-0.004221360498514055
2021-02-24,413.21,0.0045844379469213775
2021-02-25,411.73,-0.0035881435932031136
2021-02-26,404.99,-0.01650541927103026
2021-03-01,412.44,0.018228365206064887
2021-03-02,413.23,0.0019135980260207054
2021-03-03,413.42,0.00045968669532642177
2021-03-04,411.91,-0.003659146486439436
2021-03-05,408.68,-0.00787242516142753
2021-03-08,417.25,0.020753108818721593
2021-03-09,420.41,0.007544863047596609
2021-03-10,422.11,0.004035517986750356
2021-03-11,424.17,0.00486837469556762
2021-03-12,423.08,-0.0025730318120067586
2021-03-15,423.08,0.0
2021-03-16,426.82,0.00880109222597276
2021-03-17,424.91,-0.004484996892601581
2021-03-18,426.59,0.003945982806597002
2021-03-19,423.35,-0.007624104511533826
2021-03-22,424.17,0.001935058183572539
2021-03-23,423.31,-0.0020295471166266637
2021-03-24,423.39,0.00018896893879308325
2021-03-25,423.08,-0.0007324536341732131
2021-03-26,426.93,0.009058778903826252
2021-03-29,427.61,0.0015914998561317364
2021-03-30,430.65,0.007084130015372645
2021-03-31,429.6,-0.0024411520405276093
2021-04-01,432.22,0.006080174680225957
2021-04-06,435.26,0.0070088358110401185
2021-04-07,434.32,-0.0021619640887254486
2021-04-08,436.86,0.005831188037479028
2021-04-09,437.23,0.0008465947948128572
2021-04-12,435.24,-0.004561769346676142
2021-04-13,435.75,0.0011710813173190328
2021-04-14,436.57,0.0018800445743046605
2021-04-15,438.55,0.004525101422955631
2021-04-16,442.49,0.008944034925178783
2021-04-19,442.18,-0.0007008263254959193
2021-04-20,433.8,-0.01913344060429942
2021-04-21,436.64,0.006525458567254314
2021-04-22,439.63,0.006824407098984567
2021-04-23,439.04,-0.001342938961547127
2021-04-26,440.2,0.002638643994895613
2021-04-27,439.85,-0.0007954093936777043
2021-04-28,439.92,0.00015913250087569696
2021-04-29,438.77,-0.0026175344128207593
2021-04-30,437.39,-0.003150112173960422
2021-05-03,439.92,0.0057676465867811996
2021-05-04,433.65,-0.014355135069094587
2021-05-05,441.55,0.018053506784346498
2021-05-06,441.02,-0.0012010380223893718
2021-05-07,444.93,0.008826740529559089
2021-05-10,445.39,0.0010333364204593637
2021-05-11,436.61,-0.019909954728702932
2021-05-12,437.93,0.003018732138956917
2021-05-13,437.32,-0.0013938876864101613
2021-05-14,442.53,0.011843066193783357
2021-05-17,442.29,-0.0005424832302292781
2021-05-18,443.04,0.0016942838928137424
2021-05-19,436.34,-0.015238303458773566
2021-05-20,441.9,0.01266185617281597
2021-05-21,444.44,0.005731450579113682
2021-05-24,445.07,0.0014165104503408952
2021-05-25,445.2,0.00029204623524096626
2021-05-26,445.22,4.4922620793401935e-05
2021-05-27,446.44,0.0027364707653311175
2021-05-28,448.98,0.005673330532807955
2021-05-31,446.76,-0.00495680564769635
2021-06-01,450.1,0.007448242626261293
2021-06-02,451.34,0.002751155444877147
2021-06-03,450.79,-0.0012193366103424917
2021-06-04,452.57,0.003940848174942817
2021-06-07,453.56,0.00218511779527448
2021-06-08,454.01,0.0009916591268487893
2021-06-09,454.44,0.0009466674712160314
2021-06-10,454.56,0.0002640264041741029
2021-06-11,457.51,0.0064688242943145855
2021-06-14,458.32,0.0017688877001299874
2021-06-15,458.81,0.0010685509069020226
2021-06-16,459.86,0.002285914326630516
2021-06-17,459.33,-0.0011531893487415114
2021-06-18,452.05,-0.015976112801737916
2021-06-21,455.23,0.007009992553761101
2021-06-22,456.42,0.0026106525001281956
2021-06-23,453.1,-0.007300586564172272
2021-06-24,457.04,0.008658062743114531
2021-06-25,457.63,0.0012900829410141743
2021-06-28,454.94,-0.005895455233505649
2021-06-29,456.37,0.003138341889576308
2021-06-30,452.84,-0.007765021803383516
2021-07-01,455.63,0.006142214429700694
2021-07-02,456.81,0.0025864728811414595
2021-07-05,458.36,0.003387352037496737
2021-07-06,455.98,-0.00520595265484673
2021-07-07,459.53,0.007755279118058495
2021-07-08,451.61,-0.017385252501301834
2021-07-09,457.67,0.01332942487437505
2021-07-12,460.83,0.006880811034631312
2021-07-13,460.96,0.0002820599070545379
2021-07-14,460.56,-0.0008681309686641669
2021-07-15,456.2,-0.009511830517266548
2021-07-16,454.74,-0.0032054827982948494
2021-07-19,444.29,-0.02324832467830064
2021-07-20,446.61,0.0052082281833834634
2021-07-21,453.97,0.016345386005785393
2021-07-22,456.53,0.0056232987279823485
2021-07-23,461.51,0.010849306889678143
2021-07-26,461.14,-0.0008020376520544284
2021-07-27,458.65,-0.005414292572802715
2021-07-28,461.7,0.0066279375572787435
2021-07-29,463.84,0.004624335660402135
2021-07-30,461.74,-0.004537703069167059
2021-08-02,464.45,0.005851947729351586
2021-08-03,465.38,0.0020003663252714287
2021-08-04,468.22,0.0060839947733708115
2021-08-05,469.96,0.00370931376719969
2021-08-06,469.97,2.1278180291013637e-05
2021-08-09,470.68,0.0015095947160654567
2021-08-10,472.32,0.0034782643763247925
2021-08-11,474.32,0.004225477427059345
2021-08-12,474.84,0.0010957057862208365
2021-08-13,475.83,0.002082742398245003
2021-08-16,473.45,-0.00501433715406912
2021-08-17,473.78,0.0006967685004717014
2021-08-18,474.42,0.0013499263809099277
2021-08-19,467.24,-0.0152499610233953
2021-08-20,468.8,0.0033331939753075343
2021-08-23,471.88,0.006548477710838813
2021-08-24,471.79,-0.00019074464648206272
2021-08-25,471.84,0.00010597373980648346
2021-08-26,470.34,-0.003184107638280252
2021-08-27,472.34,0.004243227820319752
2021-08-30,472.68,0.0007195615218093427
2021-08-31,470.88,-0.0038153422856522312
2021-09-01,473.12,0.004745771619004496
2021-09-02,474.6,0.0031232878974961414
2021-09-03,471.93,-0.005641674499140096
2021-09-06,475.19,0.0068840545534450326
2021-09-07,472.87,-0.004894214777496923
2021-09-08,467.87,-0.010630029725995123
2021-09-09,467.57,-0.0006414094122234767
2021-09-10,466.34,-0.0026340883194057078
2021-09-13,467.69,0.0028907014551294323
2021-09-14,467.65,-8.553039541648307e-05
2021-09-15,463.91,-0.008029584985289821
2021-09-16,465.95,0.004387764336394278
2021-09-17,461.84,-0.008859821478986377
2021-09-20,454.12,-0.016857030456345144
2021-09-21,458.68,0.009991318873770838
2021-09-22,463.2,0.009806127088681832
2021-09-23,467.5,0.00924042246995616
2021-09-24,463.29,-0.009046140825722353
2021-09-27,462.42,-0.0018796388850623764
2021-09-28,452.35,-0.022017352546206244
2021-09-29,455.03,0.0059071343715787865
2021-09-30,454.81,-0.000483601521778785
2021-10-01,452.9,-0.0042083987593825355
2021-10-04,450.77,-0.004714118969461024
2021-10-05,456.03,0.011601365231330632
2021-10-06,451.33,-0.010359817571572519
2021-10-07,458.57,0.015914172546633132
2021-10-08,457.29,-0.0027951888572383104
2021-10-11,457.53,0.0005246933943420825
2021-10-12,457.21,-0.0006996523887742492
2021-10-13,460.39,0.00693115242114504
2021-10-14,465.92,0.011939989199693614
2021-10-15,469.39,0.007420033829652671
2021-10-18,467.04,-0.00501907229211448
2021-10-19,468.58,0.003291937732689102
2021-10-20,470.07,0.003174774945933006
2021-10-21,469.71,-0.000766136792885569
2021-10-22,471.88,0.004609232982100581
2021-10-25,472.21,0.000699085920706221
2021-10-26,475.74,0.007447684618014485
2021-10-27,474.04,-0.0035797801921145915
2021-10-28,475.16,0.002359883101090948
2021-10-29,475.51,0.0007363228371850244
2021-11-01,478.87,0.007041249569696175
2021-11-02,479.53,0.0013772957102083229
2021-11-03,481.22,0.003518088458155221
2021-11-04,483.21,0.004126795774113871
2021-11-05,483.44,0.00047587028260568347
2021-11-08,483.61,0.00035158472002733154
2021-11-09,482.71,-0.0018627375201472926
2021-11-10,483.76,0.0021728567117743026
2021-11-11,485.29,0.0031577344230718013
2021-11-12,486.75,0.0030039938642798364
2021-11-15,488.43,0.003445521159223739
2021-11-16,489.27,0.0017183189254032546
2021-11-17,489.95,0.001388860744891297
2021-11-18,487.7,-0.004602882365820526
2021-11-19,486.08,-0.003327243308598851
2021-11-22,485.46,-0.0012763243596047896
2021-11-23,479.25,-0.012874513122049363
2021-11-24,479.69,0.0009176800026662239
2021-11-25,481.72,0.004222970463859163
2021-11-26,464.05,-0.03737072735087737
2021-11-29,467.24,0.006850739246093533
2021-11-30,462.96,-0.009202387021912097
2021-12-01,470.86,0.016920152651220776
2021-12-02,465.44,-0.011577615169912547
2021-12-03,462.77,-0.0057530243460914374
2021-12-06,468.71,0.012754069909391043
2021-12-07,480.18,0.02417679329681868
2021-12-08,477.36,-0.005890110393183299
2021-12-09,476.99,-0.0007753969058274748
2021-12-10,475.56,-0.003002469317654952
2021-12-13,473.53,-0.0042777883986977626
2021-12-14,469.56,-0.008419182581324812
2021-12-15,470.76,0.0025523239991401157
2021-12-16,476.56,0.012245223310970567
2021-12-17,473.9,-0.005597304346889475
2021-12-20,467.35,-0.013917887344950117
2021-12-21,473.99,0.014107782797524702
2021-12-22,478.36,0.00917736267448953
2021-12-23,483.01,0.009673770271389959
2021-12-24,482.51,-0.0010357114191228837
2021-12-27,485.49,0.006157044244030106
2021-12-28,488.5,0.006180781285933659
2021-12-29,487.98,-0.0010650500760984907
2021-12-30,488.71,0.0014948451114188718
2021-12-31,487.8,-0.0018637807363376935
2022-01-03,489.99,0.004479496951337677
2022-01-04,494.02,0.008191019465195199
2022-01-05,494.35,0.000667766144789228
2022-01-06,488.16,-0.012600547374782452
2022-01-07,486.25,-0.003920326035703548
2022-01-10,479.04,-0.01493879370139245
2022-01-11,483.08,0.008398170175910834
2022-01-12,486.2,0.006437790474848517
2022-01-13,486.05,-0.00030856261494495435
2022-01-14,481.16,-0.010111644141206156
2022-01-17,484.51,0.006938215826831897
2022-01-18,479.79,-0.009789562781814705
2022-01-19,480.9,0.0023108401127277314
2022-01-20,483.35,0.005081680626997499
2022-01-21,474.44,-0.018605867749539443
2022-01-24,456.36,-0.0388531894329064
2022-01-25,459.59,0.007052815959243371
2022-01-26,467.31,0.016658061319212013
2022-01-27,470.33,0.00644172698074773
2022-01-28,465.55,-0.010215073652833055
2022-01-31,468.88,0.007127369833634916
2022-02-01,474.86,0.012673151580922658
2022-02-02,477.01,0.004517431280082648
2022-02-03,468.63,-0.017723910518151996
2022-02-04,462.15,-0.013924030800240508
2022-02-07,465.28,0.006749861194313256
2022-02-08,465.34,0.0001289462940471841
2022-02-09,473.33,0.01702449844973174
2022-02-10,472.35,-0.0020725834337354076
2022-02-11,469.57,-0.005902853898665514
2022-02-14,460.96,-0.018506110980259585
2022-02-15,467.56,0.014216411403351307
2022-02-16,467.77,0.0004490393840220198
2022-02-17,464.55,-0.0069075270362699654
2022-02-18,460.81,-0.008083384552222904
2022-02-21,454.81,-0.013106061213547964
2022-02-22,455.12,0.0006813711208413835
2022-02-23,453.86,-0.0027723400009156633
2022-02-24,438.96,-0.033380487690756445
2022-02-25,453.53,0.03265312676645933
2022-02-28,453.11,-0.0009264979044470208
2022-03-01,442.37,-0.02398828563884083
2022-03-02,446.33,0.008911952761388465
2022-03-03,437.36,-0.0203019341485359
2022-03-04,421.78,-0.036272803503125534
2022-03-07,417.13,-0.011085927269417501
2022-03-08,415.01,-0.005095307488273641
2022-03-09,434.45,0.045778246959287776
2022-03-10,427.12,-0.017015859093284194
2022-03-11,431.17,0.009437439698664452
2022-03-14,436.35,0.011942229718725123
2022-03-15,435.12,-0.002822818494615076
2022-03-16,448.45,0.0301753374493067
2022-03-17,450.49,0.004538686679742433
2022-03-18,454.6,0.009082032174688231
2022-03-21,454.79,0.000417862529309991
2022-03-22,458.65,0.008451618007911542
2022-03-23,454.03,-0.01012411680230288
2022-03-24,453.07,-0.002116636221831892
2022-03-25,453.55,0.0010588781294235097
2022-03-28,454.17,0.0013660602309440045
2022-03-29,462.09,0.01728810001257876
2022-03-30,460.19,-0.0041202296220500135
2022-03-31,455.86,-0.009453702851434195
2022-04-01,458.34,0.005425521950331683
2022-04-04,462.19,0.008364795169342491
2022-04-05,463.07,0.0019021686127962672
2022-04-06,455.97,-0.015451212686982567
2022-04-07,455.02,-0.0020856438476118053
2022-04-08,460.97,0.01299159092834213
2022-04-11,458.26,-0.005896256326013531
2022-04-12,456.65,-0.003519475493508589
2022-04-13,456.78,0.00028464140848818677
2022-04-14,459.82,0.006633234009614232
2022-04-19,456.28,-0.00772845239609331
2022-04-20,460.1,0.008337201001725995
2022-04-21,461.57,0.00318986458594983
2022-04-22,453.31,-0.01805750359827626
2022-04-25,445.11,-0.01825477551828458
2022-04-26,441.1,-0.009049835519917927
2022-04-27,444.31,0.007250909892560148
2022-04-28,447.07,0.006192664902257298
2022-04-29,450.39,0.0073986921866115865
2022-05-02,443.83,-0.014672267861347883
2022-05-03,446.2,0.005325675767456868
2022-05-04,441.37,-0.010883756049673865
2022-05-05,438.26,-0.007071184381500869
2022-05-06,429.91,-0.019236457112019135
2022-05-09,417.46,-0.0293871531374779
2022-05-10,420.29,0.006756217881118317
2022-05-11,427.59,0.017219843336170826
2022-05-12,424.4,-0.007488385795221264
2022-05-13,433.48,0.021169252314966427
2022-05-16,433.67,0.00043821715514164147
2022-05-17,438.97,0.012147197400306616
2022-05-18,433.95,-0.011501753519989019
2022-05-19,427.99,-0.01382948926739215
2022-05-20,431.1,0.007240250930227427
2022-05-23,436.54,0.01253992735784256
2022-05-24,431.58,-0.011427116003611683
2022-05-25,434.31,0.006305671726741969
2022-05-26,437.71,0.007798025800457929
2022-05-27,443.93,0.014110301710772459
2022-05-30,446.57,0.005929270599372104
2022-05-31,443.35,-0.007236637118648184
2022-06-01,438.72,-0.01049812945206646
2022-06-02,441.23,0.005704885067275978
2022-06-03,440.09,-0.0025870299909426255
2022-06-06,444.12,0.009115544735781928
2022-06-07,442.88,-0.0027959431968149237
2022-06-08,440.37,-0.005683570351998447
2022-06-09,434.38,-0.013695555593076758
2022-06-10,422.71,-0.027233362310998478
2022-06-13,412.52,-0.024401675285308053
2022-06-14,407.32,-0.01268557214440356
2022-06-15,413.1,0.014090577099254336
2022-06-16,402.88,-0.02505094354673659
2022-06-17,403.25,0.0009179661493358245
2022-06-20,407.14,0.009600389633581848
2022-06-21,408.58,0.003530626920607204
2022-06-22,405.74,-0.0069751731863239895
2022-06-23,402.4,-0.00826594158765396
2022-06-24,412.93,0.025831468284767845
2022-06-27,415.09,0.005217277117930099
2022-06-28,416.19,0.0026465225725165187
2022-06-29,413.42,-0.006677861389653913
2022-06-30,407.2,-0.015159560134777037
2022-07-01,407.13,-0.00017192047492394863
2022-07-04,409.31,0.005340270395512764
2022-07-05,400.68,-0.02130971141333814
2022-07-06,407.34,0.016485113798047245
2022-07-07,415.01,0.01865439878431647
2022-07-08,417.12,0.005071333859264351
2022-07-11,415.02,-0.0050472383446433155
2022-07-12,417.04,0.0048554286193022945
2022-07-13,412.81,-0.01019470177971184
2022-07-14,406.5,-0.015403509692273424
2022-07-15,413.78,0.017750502627731847
2022-07-18,417.63,0.009261441452988338
2022-07-19,423.41,0.01374510368109342
2022-07-20,422.51,-0.002127861593494927
2022-07-21,424.39,0.004439728629319832
2022-07-22,425.71,0.003105519493865283
2022-07-25,426.25,0.0012676653183574564
2022-07-26,426.13,-0.0002815645622674887
2022-07-27,428.12,0.004659066080715797
2022-07-28,432.77,0.010802878932295422
2022-07-29,438.29,0.012674382692791478
2022-08-01,437.46,-0.001895518694867856
2022-08-02,436.07,-0.0031824921254896207
2022-08-03,438.29,0.005078010820357297
2022-08-04,439.06,0.0017552862545150406
2022-08-05,435.72,-0.007636242781531939
2022-08-08,438.93,0.007340111843935808
2022-08-09,435.98,-0.006743576320911436
2022-08-10,439.88,0.008905591705464488
2022-08-11,440.16,0.0006363347335307106
2022-08-12,440.87,0.0016117502325675493
2022-08-15,442.35,0.0033513765205628564
2022-08-16,443.07,0.0016263471769336097
2022-08-17,439.03,-0.00916002323619203
2022-08-18,440.76,0.003932761749439643
2022-08-19,437.36,-0.007743855032832384
2022-08-22,433.17,-0.00962639393550649
2022-08-23,431.35,-0.004210435128649566
2022-08-24,432.05,0.0016214967648204167
2022-08-25,433.36,0.003027469062235195
2022-08-26,426.09,-0.016918199788497134
2022-08-29,422.65,-0.008106178186209727
2022-08-30,419.81,-0.006742185405036741
2022-08-31,415.12,-0.011234592910415637
2022-09-01,407.66,-0.018134141403899854
2022-09-02,415.97,0.020179648620624286
2022-09-05,413.39,-0.006221684967946117
2022-09-06,414.38,0.0023919699240741127
2022-09-07,412.01,-0.005735806332706365
2022-09-08,414.09,0.005035720603966432
2022-09-09,420.37,0.01505193434396634
2022-09-12,427.75,0.017403636924740135
2022-09-13,421.13,-0.015597338156733791
2022-09-14,417.51,-0.00863307851569737
2022-09-15,414.78,-0.006560236914643117
2022-09-16,408.24,-0.01589302242951253
2022-09-19,407.87,-0.0009067405750462891
2022-09-20,403.42,-0.010970293307483012
2022-09-21,407.05,0.008957825146800113
2022-09-22,399.76,-0.018071660984037202
2022-09-23,390.4,-0.023692512497012194
2022-09-26,388.75,-0.00423539104549352
2022-09-27,388.24,-0.0013127583964831684
2022-09-28,389.41,0.00300906804555437
2022-09-29,382.89,-0.016885031479806124
2022-09-30,387.85,0.012870925274171626
2022-10-03,390.83,0.007654015894425511
2022-10-04,403.03,0.03073831803207673
2022-10-05,398.91,-0.010275173326658706
2022-10-06,396.35,-0.006438168253559299
2022-10-07,391.67,-0.011878010770932654
2022-10-10,390.12,-0.0039652644084179735
2022-10-11,387.95,-0.00557791876385607
2022-10-12,385.88,-0.005350025037605456
2022-10-13,389.15,0.00843843310304422
2022-10-14,391.31,0.005535211323934053
2022-10-17,398.48,0.01815722403569672
2022-10-18,399.84,0.0034071583216141346
2022-10-19,397.73,-0.005291083973950783
2022-10-20,398.77,0.002611426468367521
2022-10-21,396.29,-0.006238543112070985
2022-10-24,401.84,0.013907732972801212
2022-10-25,407.61,0.014256835462552742
2022-10-26,410.31,0.006602136657227526
2022-10-27,410.19,-0.00029250457246948985
2022-10-28,410.76,0.0013886353409943352
2022-10-31,412.2,0.0034995661262643323
2022-11-01,414.61,0.005829650887828526
2022-11-02,413.39,-0.0029468620359246454
2022-11-03,409.55,-0.009332461346651345
2022-11-04,416.98,0.01797926305629917
2022-11-07,418.34,0.0032562400078635385
2022-11-08,421.61,0.007786217085169291
2022-11-09,420.34,-0.0030168085116769115
2022-11-10,431.89,0.027107018591586308
2022-11-11,432.26,0.0008563328649199815
2022-11-14,432.86,0.0013870910306110346
2022-11-15,434.44,0.0036434953254519927
2022-11-16,430.17,-0.009877366016777711
2022-11-17,428.38,-0.004169827252061316
2022-11-18,433.33,0.011488910301243842
2022-11-21,433.06,-0.0006232759120963981
2022-11-22,436.22,0.007270416711562889
2022-11-23,438.82,0.005942602970097254
2022-11-24,440.84,0.004592691609537294
2022-11-25,440.73,-0.000249554772895726
2022-11-28,437.85,-0.006556057082211974
2022-11-29,437.29,-0.0012797954074416078
2022-11-30,440.04,0.006269041310443056
2022-12-01,443.96,0.008868836412543674
2022-12-02,443.29,-0.0015102848742824808
2022-12-05,441.47,-0.004114115844074194
2022-12-06,438.92,-0.0057929034428235784
2022-12-07,436.2,-0.006216310355069726
2022-12-08,435.47,-0.0016749461852868604
2022-12-09,439.13,0.008369589218459192
2022-12-12,436.98,-0.0049080693428222725
2022-12-13,442.6,0.012779000159070478
2022-12-14,442.51,-0.0002033645542592517
2022-12-15,429.91,-0.028887178607451897
2022-12-16,424.74,-0.012098667441085266
2022-12-19,425.87,0.0026569183638627653
2022-12-20,424.18,-0.003976241930815356
2022-12-21,431.44,0.01697055758177126
2022-12-22,427.26,-0.00973572380688325
2022-12-23,427.45,0.000444595250154208
2022-12-27,428.0,0.0012858731095541094
2022-12-28,427.46,-0.0012624788341322906
2022-12-29,430.35,0.006738114347818962
2022-12-30,424.89,-0.012768519201068782
2023-01-02,428.95,0.009510050124559582
2023-01-03,434.18,0.012118832641635121
2023-01-04,440.19,0.013747257226875807
2023-01-05,439.33,-0.001955612775340043
2023-01-06,444.42,0.011519222141107703
2023-01-09,448.35,0.008804116144803767
2023-01-10,445.71,-0.005905661080685454
2023-01-11,447.41,0.0038068838523033152
2023-01-12,450.22,0.006260952016343045
2023-01-13,452.54,0.0051398048371642
2023-01-16,454.63,0.00460774429882986
2023-01-17,456.46,0.004017171653719549
2023-01-18,457.53,0.00234138336047086
2023-01-19,450.45,-0.01559537323875305
2023-01-20,452.12,0.003700548225081314
2023-01-23,454.49,0.0052282798527311086
2023-01-24,453.38,-0.002445285234882334
2023-01-25,452.07,-0.002893590842206532
2023-01-26,453.98,0.004216109109383392
2023-01-27,455.17,0.0026178313360680017
2023-01-30,454.4,-0.0016931081366825373
2023-01-31,453.21,-0.002622273183198305
2023-02-01,453.09,-0.0002648129773833218
2023-02-02,459.2,0.01339506375899688
2023-02-03,460.77,0.003413158090289813
2023-02-06,457.16,-0.007865564066249324
2023-02-07,458.19,0.002250506221066848
2023-02-08,459.46,0.0027679416135609155
2023-02-09,462.31,0.006183774871765738
2023-02-10,457.89,-0.009606681140650247
2023-02-13,462.03,0.009000843443343544
2023-02-14,462.4,0.0008004933196839346
2023-02-15,464.36,0.004229796111667357
2023-02-16,465.24,0.001893288001002964
2023-02-17,464.3,-0.0020225064449620645
2023-02-20,464.64,0.0007320171705004884
2023-02-21,463.77,-0.0018741725200243041
2023-02-22,462.22,-0.0033477714611272556
2023-02-23,462.5,0.0006055887372548531
2023-02-24,457.7,-0.01043260929288351
2023-02-27,462.58,0.010605567307756688
2023-02-28,461.11,-0.0031828887202857486
2023-03-01,457.68,-0.007466376286793937
2023-03-02,460.02,0.005099716838584725
2023-03-03,464.26,0.0091747733204428
2023-03-06,464.18,-0.00017233208435219404
2023-03-07,460.6,-0.007742420648363671
2023-03-08,460.99,0.00084636340081985
2023-03-09,459.98,-0.002193340510340412
2023-03-10,453.76,-0.01361458637335617
2023-03-13,442.8,-0.024450223069226108
2023-03-14,449.56,0.015151125815584459
2023-03-15,436.45,-0.02959550546870763
2023-03-16,441.64,0.011821249389577494
2023-03-17,436.31,-0.012142070694863668
2023-03-20,440.6,0.009784434492170228
2023-03-21,446.47,0.013234774441292294
2023-03-22,447.16,0.0015442635925901234
2023-03-23,446.22,-0.0021043684588611064
2023-03-24,440.11,-0.013787408275749612
2023-03-27,444.72,0.010420174977699845
2023-03-28,444.45,-0.0006073079575302316
2023-03-29,450.21,0.012876577888324043
2023-03-30,454.84,0.010231568180514102
2023-03-31,457.84,0.006574069344324723
2023-04-03,457.72,-0.00026213465133270725
2023-04-04,457.34,-0.000830546678565247
2023-04-05,456.59,-0.0016412639225306042
2023-04-06,458.94,0.0051336497134114615
2023-04-11,461.79,0.0061907597282631135
2023-04-12,462.38,0.0012768215374986088
2023-04-13,464.21,0.003949972219314069
2023-04-14,466.91,0.005799483563123997
2023-04-17,466.84,-0.00014993306587672445
2023-04-18,468.61,0.0037842794640297046
2023-04-19,468.13,-0.0010248308858619524
2023-04-20,467.43,-0.0014964302249476254
2023-04-21,469.0,0.0033531635489065007
2023-04-24,468.97,-6.396793076580893e-05
2023-04-25,467.08,-0.004038251307999396
2023-04-26,463.21,-0.008320034235307245
2023-04-27,464.03,0.0017686903364064902
2023-04-28,466.64,0.005608877136768685
2023-05-01,466.89,0.0005356014396461303
2023-05-02,461.08,-0.01252212015221647
2023-05-03,462.51,0.0030966146075457716
2023-05-04,460.34,-0.004702831444809674
2023-05-05,465.31,0.010738503234968949
2023-05-08,466.94,0.0034969196267747703
2023-05-09,465.41,-0.0032820322269448577
2023-05-10,463.64,-0.0038103485098024545
2023-05-11,463.62,-4.313784699674828e-05
2023-05-12,465.49,0.004025363035705517
2023-05-15,466.67,0.0025317555576200527
2023-05-16,464.7,-0.004230333675940526
2023-05-17,463.98,-0.0015505882419334632
2023-05-18,465.79,0.0038934409294000536
2023-05-19,468.85,0.006547999087235013
2023-05-22,468.91,0.00012796451135010196
2023-05-23,466.1,-0.0060106489982891
2023-05-24,457.65,-0.018295503547906978
2023-05-25,456.18,-0.003217231362388025
2023-05-26,461.41,0.011399550205010597
2023-05-29,460.87,-0.0011710111066206522
2023-05-30,456.63,-0.009242572607105063
2023-05-31,451.76,-0.010722369595103953
2023-06-01,455.27,0.007739584183704622
2023-06-02,462.15,0.014998864162500777
2023-06-05,459.93,-0.0048152097203140645
2023-06-06,461.68,0.003797706412238547
2023-06-07,460.8,-0.0019079010210295345
2023-06-08,460.7,-0.0002170374398102489
2023-06-09,460.01,-0.001498843564587333
2023-06-12,460.73,0.0015639597427247343
2023-06-13,463.27,0.005497849346118885
2023-06-14,464.94,0.0035983275377860645
2023-06-15,464.33,-0.0013128586688825408
2023-06-16,466.8,0.0053053940773696955
2023-06-19,462.04,-0.010249432991921341
2023-06-20,459.32,-0.0059043325124911086
2023-06-21,457.01,-0.005041862415113394
2023-06-22,454.7,-0.0050674116619103034
2023-06-23,453.14,-0.003436732321656826
2023-06-26,452.68,-0.0010156544115671674
2023-06-27,452.9,0.0004858764644273647
2023-06-28,456.05,0.006931102063999373
2023-06-29,456.64,0.0012928816623041213
2023-06-30,461.93,0.011518030162172063
2023-07-03,460.98,-0.0020587063430449488
2023-07-04,461.3,0.0006939324561761976
2023-07-05,457.94,-0.0073104193982237425
2023-07-06,447.22,-0.023687527605551362
2023-07-07,447.65,0.0009610335201652576
2023-07-10,448.47,0.0018301125493676955
2023-07-11,451.72,0.007220729225936969
2023-07-12,458.54,0.014985010039046495
2023-07-13,461.36,0.006131120412641188
2023-07-14,460.83,-0.0011494378779933277
2023-07-17,457.92,-0.006334715061077725
2023-07-18,460.76,0.006182803690219411
2023-07-19,461.97,0.0026226538501255142
2023-07-20,463.93,0.004233724868031914
2023-07-21,465.4,0.0031635720917282044
2023-07-24,465.68,0.0006014520952886918
2023-07-25,467.92,0.0047986381712903274
2023-07-26,465.46,-0.005271177218251511
2023-07-27,471.74,0.013401822439210578
2023-07-28,470.78,-0.0020370927555485104
2023-07-31,471.35,0.0012100242419784525
2023-08-01,467.16,-0.008929106431794639
2023-08-02,460.84,-0.013620900240511926
2023-08-03,457.93,-0.0063345771645981225
2023-08-04,459.28,0.002943711854126675
2023-08-07,459.68,0.0008705493715981635
2023-08-08,458.6,-0.0023522248071753647
2023-08-09,460.58,0.004308194396065879
2023-08-10,464.23,0.007893554248023701
2023-08-11,459.17,-0.01095960720715354
2023-08-14,459.86,0.0015015834731147736
2023-08-15,455.57,-0.009372713163268436
2023-08-16,455.29,-0.0006148036115749182
2023-08-17,451.19,-0.009046041741335423
2023-08-18,448.44,-0.00611364353228337
2023-08-21,448.66,0.0004904692997666787
2023-08-22,451.7,0.006752880075399156
2023-08-23,453.45,0.0038667672330182034
2023-08-24,451.57,-0.004154610294113084
2023-08-25,451.39,-0.00039868876225814984
2023-08-28,455.41,0.008866401268955652
2023-08-29,459.83,0.009658743853533857
2023-08-30,459.13,-0.0015234615987374652
2023-08-31,458.19,-0.002049449110493361
2023-09-01,458.13,-0.00013095861726421164
2023-09-04,457.96,-0.0003711425775882416
2023-09-05,456.9,-0.0023172954863858197
2023-09-06,454.3,-0.005706775803868073
2023-09-07,453.67,-0.0013877112704196754
2023-09-08,454.66,0.0021798253762622477
2023-09-11,456.21,0.0034033429492771033
2023-09-12,455.4,-0.0017770761908381262
2023-09-13,453.94,-0.00321112291231563
2023-09-14,460.86,0.015129278521322006
2023-09-15,461.93,0.0023190552119979105
2023-09-18,456.72,-0.011342852794639821
2023-09-19,456.52,-0.0004380009706046177
2023-09-20,460.66,0.009027733089360232
2023-09-21,454.67,-0.01308836268803695
2023-09-22,453.26,-0.003105968815938076
2023-09-25,450.44,-0.006241029441959573
2023-09-26,447.7,-0.006101517581905014
2023-09-27,446.91,-0.0017661331873085506
2023-09-28,448.5,0.0035514494392395153
2023-09-29,450.22,0.0038276706871666314
2023-10-02,445.59,-0.010337105476466385
2023-10-03,440.7,-0.011034874861609761
2023-10-04,440.08,-0.001407843280738731
2023-10-05,441.31,0.0027910477733343133
2023-10-06,444.93,0.008169390081443899
2023-10-09,443.79,-0.0025654888497266995
2023-10-10,452.48,0.019392085695899154
2023-10-11,453.16,0.0015017007371345504
2023-10-12,453.63,0.001036623787399672
2023-10-13,449.18,-0.009858189517110838
2023-10-16,450.2,0.002268230197055103
2023-10-17,449.76,-0.0009778213144100735
2023-10-18,445.02,-0.010594882181700066
2023-10-19,439.73,-0.011958322779701549
2023-10-20,433.73,-0.01373868150891375
2023-10-23,433.18,-0.0012688746785563402
2023-10-24,435.09,0.004399560230918239
2023-10-25,435.27,0.0004136219554351432
2023-10-26,433.2,-0.004767013068867945
2023-10-27,429.58,-0.008391527950718338
2023-10-30,431.12,0.003578486449124185
2023-10-31,433.66,0.005874343310830497
2023-11-01,436.57,0.006687912038363358
2023-11-02,443.47,0.015681426744304196
2023-11-03,444.24,0.0017348012146125068
2023-11-06,443.52,-0.001622060371868055
2023-11-07,442.81,-0.0016021124228376342
2023-11-08,444.07,0.0028414235245738666
2023-11-09,447.8,0.008364496501434488
2023-11-10,443.31,-0.010077404581002272
2023-11-13,446.62,0.007438821623089045
2023-11-14,452.6,0.013300611992695947
2023-11-15,454.52,0.0042331838503713096
2023-11-16,451.27,-0.007176087055238884
2023-11-17,455.82,0.01003216474861576
2023-11-20,456.26,0.0009648277215436331
2023-11-21,455.85,-0.0008990144338169626
2023-11-22,457.24,0.0030446091266658924
2023-11-23,458.47,0.0026864416458031734
2023-11-24,459.98,0.003288151473683208
2023-11-27,458.41,-0.003419030105752106
2023-11-28,457.04,-0.0029930657551049296
2023-11-29,459.1,0.004497136838969167
2023-11-30,461.61,0.005452327482219976
2023-12-01,466.2,0.009894347864260274
2023-12-04,465.78,-0.0009013069560127757
2023-12-05,467.62,0.003942580637248393
2023-12-06,470.06,0.0052043458478898295
2023-12-07,468.78,-0.0027267708940744
2023-12-08,472.26,0.007396106145705866
2023-12-11,473.7,0.0030445285472923285
2023-12-12,472.72,-0.0020709628922868256
2023-12-13,472.46,-0.0005501597718064842
2023-12-14,476.57,0.008661529551300002
2023-12-15,476.61,8.392958312907052e-05
2023-12-18,475.32,-0.0027102849782163186
2023-12-19,477.04,0.0036120833930248348
2023-12-20,477.94,0.0018848567853806252
2023-12-21,476.94,-0.0020945047871547646
2023-12-22,477.6,0.0013828652653161719
2023-12-27,478.62,0.0021334010727007235
2023-12-28,478.08,-0.0011288806466953573
2023-12-29,478.99,0.0019016378618711735
2024-01-02,478.51,-0.0010026110500452304
2024-01-03,474.4,-0.008626261632708026
2024-01-04,477.68,0.006890204555221408
2024-01-05,476.38,-0.002725197166968629
2024-01-08,478.18,0.0037713755730191716
2024-01-09,477.26,-0.001925814879717191
2024-01-10,476.42,-0.001761597636997315
2024-01-11,472.77,-0.00769080582598353
2024-01-12,476.76,0.00840420731241836
2024-01-15,474.19,-0.005405134354021494
2024-01-16,473.06,-0.0023858549190292335
2024-01-17,467.71,-0.011373784610909444
2024-01-18,470.45,0.0058412377222268426
2024-01-19,469.24,-0.0025753188152550176
2024-01-22,472.86,0.007684996956093613
2024-01-23,471.53,-0.0028166348209713882
2024-01-24,477.09,0.011722425563292211
2024-01-25,478.53,0.0030137525165324216
2024-01-26,483.84,0.011035368698647003
2024-01-29,484.84,0.0020646660511976817
2024-01-30,485.63,0.0016280774768932193
2024-01-31,485.67,8.236384231982069e-05
2024-02-01,483.86,-0.0037337722458827194
2024-02-02,483.93,0.00014465948216460831
2024-02-05,483.69,-0.0004960625140480567
2024-02-06,486.76,0.006326982824841287
2024-02-07,485.63,-0.0023241713893949034
2024-02-08,485.27,-0.000741580011326084
2024-02-09,484.83,-0.0009071230392165284
2024-02-12,487.46,0.005409921760798277
2024-02-13,482.83,-0.009543610965471223
2024-02-14,485.24,0.004978989078729923
2024-02-15,488.54,0.006777737544137314
2024-02-16,491.59,0.00622368429687451
2024-02-19,492.39,0.0016260496682232786
2024-02-20,491.9,-0.0009956416106598374
2024-02-21,491.05,-0.00172948819751076
2024-02-22,495.1,0.008213806763594175
2024-02-23,497.25,0.004333155366704211
2024-02-26,495.43,-0.0036668453867759617
2024-02-27,496.33,0.0018149557293192307
2024-02-28,494.59,-0.0035118915519720007
2024-02-29,494.61,4.043671654415518e-05
2024-03-01,497.58,0.005986774449970367
2024-03-04,497.41,-0.0003417119803297174
2024-03-05,496.27,-0.0022945022545494513
2024-03-06,498.21,0.0039015414304833574
2024-03-07,503.16,0.00988653608390034
2024-03-08,503.26,0.0001987241913496061
2024-03-11,501.49,-0.0035232681383007103
2024-03-12,506.52,0.009980142558686966
2024-03-13,507.33,0.0015978698472952333
2024-03-14,506.4,-0.0018348085997365946
2024-03-15,504.8,-0.003164559602962914
2024-03-18,503.94,-0.00170509786141269
2024-03-19,505.23,0.0025565577704818863
2024-03-20,505.21,-3.958671470380881e-05
2024-03-21,509.77,0.008985459182604225
2024-03-22,509.64,-0.0002550494907931534
2024-03-25,509.86,0.00043158411655692177
2024-03-26,511.09,0.0024095217103559017
2024-03-27,511.75,0.0012905246013061656
2024-03-28,512.67,0.0017961387855282554
2024-04-02,508.57,-0.008029497528873554
2024-04-03,510.02,0.00284707483767749
2024-04-04,510.84,0.0016064889923301509
2024-04-05,506.55,-0.008433394128374875
2024-04-08,508.93,0.004687447035510384
2024-04-09,505.82,-0.006129607760389458
2024-04-10,506.59,0.0015211231585420739
2024-04-11,504.55,-0.004035055022811785
2024-04-12,505.25,0.0013864133731925732
2024-04-15,505.93,0.0013449635129370878
2024-04-16,498.21,-0.01537664490989607
2024-04-17,498.52,0.0006220340714046167
2024-04-18,499.7,0.0023642093919833355
2024-04-19,499.29,-0.0008208290834144879
2024-04-22,502.31,0.006030369712346433
2024-04-23,507.79,0.01085051730514328
2024-04-24,505.61,-0.004302355166165809
2024-04-25,502.38,-0.006408815673673314
2024-04-26,507.98,0.011085271280324388
2024-04-29,508.34,0.0007084383167832017
2024-04-30,504.89,-0.006809931274931269
2024-05-01,504.31,-0.0011494254139059483
2024-05-02,503.21,-0.002183580349906222
2024-05-03,505.53,0.004599805877801267
2024-05-06,508.22,0.005307040815940915
2024-05-07,514.02,0.011347750507505914
2024-05-08,515.77,0.0033987544734326797
2024-05-09,516.77,0.0019369715704086086
2024-05-10,520.76,0.007691381781347439
2024-05-13,520.86,0.00019200860257535525
2024-05-14,521.65,0.0015155732822067077
2024-05-15,524.71,0.005848864106701192
2024-05-16,523.62,-0.002079498617404657
2024-05-17,522.94,-0.001299495672856471
2024-05-20,523.89,0.0018150038894449957
2024-05-21,522.95,-0.0017958814195862206
2024-05-22,521.18,-0.003390385671267384
2024-05-23,521.56,0.0007288490262616441
2024-05-24,520.57,-0.0018999554716032292
2024-05-27,522.21,0.003145440749059413
2024-05-28,519.08,-0.006011791963697739
2024-05-29,513.45,-0.010905360224725767
2024-05-30,516.5,0.005922634915389041
2024-05-31,518.17,0.003228085186949796
2024-06-03,519.85,0.0032369346773361797
2024-06-04,517.05,-0.005400726792995324
2024-06-05,521.23,0.008051821441350278
2024-06-06,524.68,0.006597149874610484
2024-06-07,523.55,-0.0021560162134738855
2024-06-10,522.16,-0.002658482406509047
2024-06-11,517.29,-0.009370408646812085
2024-06-12,522.89,0.010767471215557201
2024-06-13,516.04,-0.013186835038771227
2024-06-14,511.05,-0.009716849081850451
2024-06-17,511.49,0.0008606020833543884
2024-06-18,515.01,0.006858283092507818
2024-06-19,514.13,-0.0017101661862830347
2024-06-20,518.91,0.00925430595927708
2024-06-21,515.11,-0.007349987634769148
2024-06-24,518.87,0.00727290000536825
2024-06-25,517.7,-0.0022574461866850587
2024-06-26,514.81,-0.0055980233551225405
2024-06-27,512.59,-0.004321595201660673
2024-06-28,511.42,-0.002285134928622842
2024-07-01,513.04,0.0031626444181577017
2024-07-02,510.91,-0.004160365393393572
2024-07-03,514.67,0.0073324691323621545
2024-07-04,517.54,0.005560898258858153
2024-07-05,516.6,-0.0018179361766939746
2024-07-08,516.43,-0.000329128876285655
2024-07-09,511.76,-0.009083986643572288
2024-07-10,516.42,0.009064622747555954
2024-07-11,519.51,0.005965671742731122
2024-07-12,524.08,0.008758284791451874
2024-07-15,518.73,-0.010260827838813305
2024-07-16,517.3,-0.0027605395753383635
2024-07-17,514.83,-0.004786227927147798
2024-07-18,514.01,-0.0015940285634891164
2024-07-19,510.03,-0.007773173001085242
2024-07-22,514.79,0.009289502996131243
2024-07-23,515.47,0.0013200553234025156
2024-07-24,512.3,-0.006168714892124346
2024-07-25,508.63,-0.00718955424645489
2024-07-26,512.83,0.00822356953665721
2024-07-29,511.79,-0.0020300215829327016
2024-07-30,514.08,0.004464510715122299
2024-07-31,518.18,0.007943776878636892
2024-08-01,511.83,-0.01233013359125769
2024-08-02,497.85,-0.02769371182083426
2024-08-05,487.05,-0.021932039617128626
2024-08-06,488.44,0.0028498517478564465
2024-08-07,495.96,0.01527863934682009
2024-08-08,496.37,0.0008263380595774786
2024-08-09,499.19,0.005665168432072953
2024-08-12,499.08,-0.00022038126047108672
2024-08-13,501.66,0.00515619584720094
2024-08-14,504.1,0.0048520616985636604
2024-08-15,509.88,0.011400742826135317
2024-08-16,511.45,0.003074424988295912
2024-08-19,514.59,0.006120638186826947
2024-08-20,512.27,-0.004518637297187032
2024-08-21,513.95,0.0032741546662748214
2024-08-22,515.74,0.0034767780654839982
2024-08-23,518.13,0.004623413499522427
2024-08-26,518.05,-0.00015441332617689997
2024-08-27,518.88,0.0016008798612470601
2024-08-28,520.6,0.0033093500014571343
2024-08-29,524.57,0.007596886809347765
2024-08-30,525.05,0.0009146167821894931
2024-09-02,524.94,-0.00020952580577397243
2024-09-03,519.84,-0.009762898425438078
2024-09-04,514.82,-0.009703746914611684
2024-09-05,512.05,-0.005395048484731983
2024-09-06,506.56,-0.010779499828799177
2024-09-09,510.7,0.008139556960950893
2024-09-10,507.95,-0.005399316116044259
2024-09-11,508.02,0.00013779934468676283
2024-09-12,512.08,0.007960045951507125
2024-09-13,515.95,0.007528998727975413
2024-09-16,515.11,-0.001629391472550962
2024-09-17,517.19,0.004029841741485083
2024-09-18,514.59,-0.005039844740814125
2024-09-19,521.67,0.01366473697224368
2024-09-20,514.26,-0.014306229923240689
2024-09-23,516.32,0.00399775416480552
2024-09-24,519.7,0.006524993710744553
2024-09-25,519.14,-0.0010781257060630686
2024-09-26,525.61,0.012385896556268188
2024-09-27,528.08,0.0046882945159141135
2024-09-30,522.89,-0.009876670484808477
2024-10-01,520.88,-0.0038514279671004402
2024-10-02,521.14,0.0004990307391329297
2024-10-03,516.29,-0.009350096553866184
2024-10-04,518.56,0.004387116279363749
2024-10-07,519.48,0.001772571848652342
2024-10-08,516.64,-0.005482004231924469
2024-10-09,520.05,0.006578653789176894
2024-10-10,519.11,-0.001809154040548
2024-10-11,521.98,0.005513466213792756
2024-10-14,524.76,0.005311742240442751
2024-10-15,520.57,-0.008016650129161284
2024-10-16,519.6,-0.0018650802872237468
2024-10-17,523.91,0.008260629047702929
2024-10-18,524.99,0.0020593009470204764
2024-10-21,521.52,-0.006631590174884134
2024-10-22,520.4,-0.002149877977933715
2024-10-23,518.84,-0.0030021961658777394
2024-10-24,518.98,0.00026979630542709203
2024-10-25,518.81,-0.0003276192707978739
2024-10-28,520.95,0.004116340351091106
2024-10-29,517.99,-0.005698130804358994
2024-10-30,511.51,-0.012588801511127073
2024-10-31,505.39,-0.012036727092239411
2024-11-01,510.9,0.010843467886284977
2024-11-04,509.21,-0.0033133711974756164
2024-11-05,509.53,0.0006282270462032411
2024-11-06,506.78,-0.0054117478163241955
2024-11-07,509.92,0.006176866299870772
2024-11-08,506.63,-0.006472896536587067
2024-11-11,512.37,0.011266066166770635
2024-11-12,502.23,-0.01998883820340671
2024-11-13,501.59,-0.0012751291799677055
2024-11-14,507.03,0.010787120522410838
2024-11-15,503.12,-0.007741463202998398
2024-11-18,502.84,-0.0005566821886176242
2024-11-19,500.6,-0.004464649048956333
2024-11-20,500.49,-0.00021976046198190656
2024-11-21,502.54,0.004087620219518408
2024-11-22,508.47,0.011730977942862568
2024-11-25,508.78,0.0006094863791522545
2024-11-26,505.9,-0.005676681779334729
2024-11-27,504.96,-0.0018598030804356758
2024-11-28,507.3,0.004623326355189679
2024-11-29,510.25,0.005798257117309808
2024-12-02,513.61,0.006563420901235768
2024-12-03,515.53,0.003731275098792475
2024-12-04,517.45,0.003717404424199534
2024-12-05,519.53,0.0040116545922140225
2024-12-06,520.47,0.0018076927999500392
2024-12-09,521.22,0.0014399679935379235
2024-12-10,518.49,-0.005251476419373037
2024-12-11,519.95,0.0028119120257306964
2024-12-12,519.2,-0.0014434877163615313
2024-12-13,516.45,-0.005310686937237821
2024-12-16,515.83,-0.0012012246184211841
2024-12-17,513.66,-0.004215685851772083
2024-12-18,514.43,0.0014979236136438321
2024-12-19,506.66,-0.015219324405183286
2024-12-20,502.19,-0.008861633051183053
2024-12-23,502.91,0.001432693509415271
2024-12-24,503.81,0.0017879852188628742
2024-12-27,507.18,0.006666757300886412
2024-12-30,504.85,-0.004604614718561193
2024-12-31,507.62,0.005471780716930279
2025-01-02,510.67,0.005990452859006639
2025-01-03,508.19,-0.004868195626208392
2025-01-06,513.02,0.009459437365538392
2025-01-07,514.67,0.0032110878139788384
2025-01-08,513.67,-0.0019448826559582033
2025-01-09,515.84,0.0042156039545910495
2025-01-10,511.5,-0.008449054486527633
2025-01-13,508.68,-0.00552845023913508
2025-01-14,508.28,-0.0007866583162125636
2025-01-15,515.02,0.013173258024801723
2025-01-16,520.05,0.009719225938006806
2025-01-17,523.62,0.006841269604133027
2025-01-20,523.87,0.0004773315349010226
2025-01-21,525.98,0.0040196272629600075
2025-01-22,528.04,0.003908849211422645
2025-01-23,530.34,0.004346271888352948
2025-01-24,530.07,-0.0005092370042430958
2025-01-27,529.69,-0.0007171435349248321
2025-01-28,531.6,0.003599397077346732
2025-01-29,534.26,0.004991285013722237
2025-01-30,538.84,0.008536068977554817
2025-01-31,539.53,0.0012797093653665003
2025-02-03,534.85,-0.008712056443593902
2025-02-04,536.04,0.0022224513998875903
2025-02-05,538.56,0.004690125850413624
2025-02-06,544.84,0.011593262576699896
2025-02-07,542.75,-0.0038433648207397
2025-02-10,545.92,0.005823636104858389
2025-02-11,547.18,0.0023053710695218354
2025-02-12,547.78,0.001095930554637932
2025-02-13,553.75,0.010839574871925953
2025-02-14,552.41,-0.0024227971640219813
2025-02-17,555.42,0.005434060111851399
2025-02-18,557.17,0.003145815517286896
2025-02-19,552.1,-0.009141210534462674
2025-02-20,551.01,-0.0019762314814456877
2025-02-21,553.85,0.005140934154388544
2025-02-24,553.39,-0.0008308948854175538
2025-02-25,554.2,0.001462635351353681
2025-02-26,559.67,0.009821691888962994
2025-02-27,557.11,-0.0045846173534468794
2025-02-28,557.19,0.00014358790296586243
2025-03-03,563.13,0.010604212479131216
2025-03-04,551.07,-0.02164866452040894
2025-03-05,556.09,0.009068308828480538
2025-03-06,555.9,-0.0003417296951394412
2025-03-07,553.35,-0.0045977092486294314
2025-03-10,546.2,-0.013005503671189696
2025-03-11,536.89,-0.01719197722689084
2025-03-12,541.25,0.00808804750398577
2025-03-13,540.44,-0.0014976567249411826
2025-03-14,546.6,0.01133365090220918
2025-03-17,550.94,0.007908636807722205
2025-03-18,554.3,0.006080146124068973
2025-03-19,555.37,0.0019285018638360888
2025-03-20,552.98,-0.004312723786559279
2025-03-21,549.67,-0.0060037363485516354
2025-03-24,548.93,-0.001347169328084311
2025-03-25,552.59,0.006645387227008883
2025-03-26,548.73,-0.007009798797464638
2025-03-27,546.31,-0.004419937061161712
2025-03-28,542.1,-0.007736093928489924
2025-03-31,533.92,-0.015204471263228733
2025-04-01,539.64,0.010656235567552503
2025-04-02,536.92,-0.005053142951180996
2025-04-03,522.48,-0.02726240202503352
2025-04-04,496.33,-0.051345677517777015
2025-04-07,474.01,-0.046012609557674285
2025-04-08,486.91,0.026850882556973127
2025-04-09,469.89,-0.03558067631724315
2025-04-10,487.28,0.036340281769548746
2025-04-11,486.8,-0.000985545414856951
2025-04-14,499.89,0.026534713105269628
2025-04-15,508.06,0.016211476621595777
2025-04-16,507.09,-0.00191104821004158
2025-04-17,506.42,-0.0013221381093415842
2025-04-22,507.71,0.0025440539097798024
2025-04-23,516.77,0.017687482817214596
2025-04-24,518.61,0.003554254354956167
2025-04-25,520.45,0.0035416663586723715
2025-04-28,523.19,0.0052508648490058995
2025-04-29,525.09,0.0036249896603704405
2025-04-30,527.48,0.0045412734686443535
2025-05-01,527.6,0.00022747090366117658
2025-05-02,536.43,0.016597657412061588
2025-05-05,537.31,0.0016391308827618618
2025-05-06,536.35,-0.0017882760945447183
2025-05-07,533.47,-0.0053840963100988196
2025-05-08,535.63,0.004040787464283179
2025-05-09,537.96,0.004340583757725979
2025-05-12,544.49,0.012065368776108457
2025-05-13,545.17,0.0012480958983023048
2025-05-14,543.88,-0.0023690383422740255
2025-05-15,546.95,0.005628756278314574
2025-05-16,549.26,0.004214527178606266
2025-05-19,549.98,0.001309996184573646
2025-05-20,554.02,0.007318873249707891
2025-05-21,553.82,-0.00036106297330429
2025-05-22,550.27,-0.006430657344405201
2025-05-23,545.13,-0.00938476853190322
2025-05-26,550.5,0.009802657833659563
2025-05-27,552.32,0.00330063229227394
2025-05-28,548.93,-0.0061566596286086765
2025-05-29,547.88,-0.0019146439597793718
2025-05-30,548.67,0.0014408830179734923
2025-06-02,547.92,-0.001367876994944209
2025-06-03,548.44,0.0009485935988047284
2025-06-04,551.02,0.004693221646369997
2025-06-05,551.88,0.0015595252050084457
2025-06-06,553.64,0.0031840246886684167
2025-06-09,553.24,-0.0007227522719940023
2025-06-10,553.12,-0.00021692758319277942
2025-06-11,551.64,-0.0026793165671775373
2025-06-12,549.84,-0.0032683327927870718
2025-06-13,544.94,-0.008951629953765684
2025-06-16,546.91,0.0036085582043821085
2025-06-17,542.26,-0.00853866384883536
2025-06-18,540.33,-0.0035655271980549164
2025-06-19,535.86,-0.008307131093226172
2025-06-20,536.53,0.0012495455705034883
2025-06-23,535.03,-0.002799658404122552
2025-06-24,540.98,0.011059489496186438
2025-06-25,536.98,-0.007421459718983892
2025-06-26,537.48,0.0009307001397757625
2025-06-27,543.63,0.011377318384967097
2025-06-30,541.37,-0.004165904642357826
2025-07-01,540.25,-0.002070968362822916
2025-07-02,541.21,0.0017753781964334147
2025-07-03,543.76,0.004700599454954044
2025-07-04,541.13,-0.004848427309686755
2025-07-07,543.5,0.004370160832568135
2025-07-08,545.71,0.004057992550063995
2025-07-09,549.96,0.007757849197704906
2025-07-10,552.93,0.0053858629226078356
2025-07-11,547.34,-0.010161229693589992
2025-07-14,546.99,-0.0006396608188280225
2025-07-15,544.95,-0.003736473383902162
2025-07-16,541.84,-0.005723292428672436
2025-07-17,547.03,0.009532890618369408
2025-07-18,547.0,-5.484310303649346e-05
2025-07-21,546.58,-0.0007681194254653454
2025-07-22,544.34,-0.00410663137173101
2025-07-23,550.22,0.010744146623058917
2025-07-24,551.55,0.002414298167547043
2025-07-25,549.95,-0.0029051314122648646
2025-07-28,548.76,-0.002166177545161677
2025-07-29,550.36,0.002911422101651593
2025-07-30,550.24,-0.00021806287565971112
2025-07-31,546.11,-0.0075341260289742504
2025-08-01,535.79,-0.01907812739912004
2025-08-04,540.6,0.00893734058648531
2025-08-05,541.4,0.0014787433378534464
2025-08-06,541.07,-0.0006097166854013367
2025-08-07,546.05,0.009161886148937863
2025-08-08,547.08,0.0018844973696129994
2025-08-11,546.76,-0.000585094728898205
2025-08-12,547.89,0.0020645875876078214
2025-08-13,550.85,0.005388002914014026
2025-08-14,553.87,0.005467462385227791
2025-08-15,553.56,-0.0005598548135722686
2025-08-18,554.01,0.0008125897681616579
2025-08-19,557.81,0.006835665479407222
2025-08-20,559.09,0.0022920593793128163
2025-08-21,559.07,-3.577305573816273e-05
2025-08-22,561.3,0.003980833019280733
2025-08-25,558.82,-0.004428104225155681
2025-08-26,554.2,-0.00830178529411975
2025-08-27,554.76,0.0010099553592562863
2025-08-28,553.67,-0.001966746391475552
2025-08-29,550.14,-0.006396050106794446
2025-09-01,551.43,0.00234211278391814
2025-09-02,543.17,-0.01509255763131135
2025-09-03,546.78,0.006624181293619233
2025-09-04,550.09,0.00603537346709313
2025-09-05,549.21,-0.0016010191721505245
2025-09-08,552.04,0.0051396253888060855
2025-09-09,552.39,0.0006338111273991266
2025-09-10,552.29,-0.0001810479057703661
2025-09-11,555.33,0.005489260998235531
2025-09-12,554.84,-0.0008827477446141131
2025-09-15,557.16,0.004172667924741101
2025-09-16,550.79,-0.011498840540454561
2025-09-17,550.63,-0.00029053403992201985
2025-09-18,555.01,0.007923054362676065
2025-09-19,554.12,-0.0016048618124516701
2025-09-22,553.4,-0.0013002024368527776
2025-09-23,554.95,0.002796952245163189
2025-09-24,553.88,-0.0019299628114753974
2025-09-25,550.22,-0.006629858538669577
2025-09-26,554.52,0.007784676422331704
2025-09-29,555.53,0.0018197383518103508
2025-09-30,558.18,0.0047588779865366995
2025-10-01,564.62,0.011471447492013247
2025-10-02,567.6,0.005264006785352227
2025-10-03,570.45,0.00500857775649079
2025-10-06,570.24,-0.00036819819998861386
2025-10-07,569.27,-0.0017024865675460854
2025-10-08,573.79,0.007908637445408833
2025-10-09,571.31,-0.004331506204641758
2025-10-10,564.16,-0.012594070306105404
2025-10-13,566.63,0.004368634190823571
2025-10-14,564.54,-0.003695293153599729
2025-10-15,567.77,0.005705166890837345
2025-10-16,571.66,0.0068280019187842685
2025-10-17,566.24,-0.00952639245919769
2025-10-20,572.1,0.01029578467732976
2025-10-21,573.3,0.002095338639853788
2025-10-22,572.29,-0.0017632840050776826
2025-10-23,574.43,0.0037323888731553437
2025-10-24,575.76,0.002312662417134183
2025-10-27,577.03,0.0022033510245489
2025-10-28,575.76,-0.0022033510245490465
2025-10-29,575.4,-0.0006254560821012759
2025-10-30,574.83,-0.0009911062077302424
2025-10-31,571.89,-0.005127679715722318
2025-11-03,572.28,0.0006817169041383829
2025-11-04,570.58,-0.0029749947567224077
2025-11-05,571.9,0.0023107635798596607
2025-11-06,567.9,-0.00701880403788363
2025-11-07,564.79,-0.005491366243533001
2025-11-10,572.82,0.014117550598143023
2025-11-11,580.13,0.01268068511834919
2025-11-12,584.23,0.007042524555429051
2025-11-13,580.67,-0.0061121316557850285
2025-11-14,574.81,-0.01014305784685073
2025-11-17,571.68,-0.005460157134039852
2025-11-18,561.86,-0.01732668573482285
2025-11-19,561.71,-0.00026700606262386657
2025-11-20,563.94,0.003962160382612405
2025-11-21,562.1,-0.003268092852235861
2025-11-24,562.88,0.0013866915411640472
2025-11-25,568.01,0.009072562650783452
2025-11-26,574.21,0.010856158869995055
2025-11-27,575.0,0.0013748577273784513
2025-11-28,576.43,0.002483869163060389
2025-12-01,575.27,-0.002014414156916155
2025-12-02,575.65,0.000660341316178929
2025-12-03,576.22,0.0009896950984505928
2025-12-04,578.84,0.004536568651668032
2025-12-05,578.77,-0.0001209388310145309
2025-12-08,578.36,-0.000708649878851907
2025-12-09,577.77,-0.0010206465556951761
2025-12-10,578.17,0.0006920774710896212
2025-12-11,581.34,0.005467840549647747
2025-12-12,578.24,-0.005346776221104168
2025-12-15,582.54,0.007408845206244855
2025-12-16,579.8,-0.0047146361225534625
2025-12-17,579.79,-1.7247475401153474e-05
2025-12-18,585.35,0.0095439899135277
2025-12-19,587.5,0.003666287092632484
2025-12-22,586.75,-0.0012774112871811447
2025-12-23,588.73,0.00336883974648316
2025-12-24,588.7,-5.0958443400420034e-05
2025-12-29,589.25,0.0009338257820247248
2025-12-30,592.78,0.0059727934048581744
2025-12-31,592.19,-0.0009958058832797508
